playerID,nameLast,nameFirst,teamID,WAR_basic_total
judgeaa01,Judge,Aaron,ALS,57.33692920781569
sotoju01,Soto,Juan,ALS,39.91863395479838
wittbo02,Witt,Bobby,ALS,38.47503367918686
guerrvl02,Guerrero,Vladimir,ALS,33.90142778006607
alvaryo01,Alvarez,Yordan,ALS,32.7280377203791
hendegu01,Henderson,Gunnar,ALS,29.918981021405244
ramirjo01,Ramirez,Jose,ALS,26.185643019940663
duranja01,Duran,Jarren,ALS,24.0250980048623
seageco01,Seager,Corey,ALS,19.88723260822149
santaan02,Santander,Anthony,ALS,19.81030069925438
greenri02,Greene,Riley,ALS,18.46603574329645
perezsa02,Perez,Salvador,ALS,16.662978054528498
naylojo01,Naylor,Josh,ALS,15.22012629179785
kwanst01,Kwan,Steven,ALS,14.322330623209249
westbjo01,Westburg,Jordan,ALS,11.832930791159166
paredis01,Paredes,Isaac,ALS,11.34822164767226
fryda01,Fry,David,ALS,11.034148704002046
castrwi01,Castro,Willi,ALS,9.674929894156172
semiema01,Semien,Marcus,ALS,8.940731632404217
rutscad01,Rutschman,Adley,ALS,8.91648398223258
skubata01,Skubal,Tarik,ALS,4.909953093310862
lugose01,Lugo,Seth,ALS,3.597518954605441
claseem01,Clase,Emmanuel,ALS,2.991526978833892
raganco01,Ragans,Cole,ALS,2.905666283265229
burneco01,Burnes,Corbin,ALS,2.835247662153182
yateski01,Yates,Kirby,ALS,2.3113564622613008
houckta01,Houck,Tanner,ALS,2.093984128497607
crochga01,Crochet,Garrett,ALS,1.739860164705134
millema03,Miller,Mason,ALS,1.1903487034646147
marteke01,Marte,Ketel,ARI,27.650201479903597
pederjo01,Pederson,Joc,ARI,19.417313025090326
suareeu01,Suarez,Eugenio,ARI,16.564655052915654
walkech02,Walker,Christian,ARI,15.502836281524818
carroco02,Carroll,Corbin,ARI,13.675452018242868
gurrilo01,Gurriel,Lourdes,ARI,11.698022328991234
grichra01,Grichuk,Randal,ARI,10.867431482483584
mccarja02,McCarthy,Jake,ARI,9.840073913668268
smithpa04,Smith,Pavin,ARI,6.689531711245039
morenga01,Moreno,Gabriel,ARI,6.21536926301216
perdoge01,Perdomo,Geraldo,ARI,5.83877189683848
belljo02,Bell,Josh,ARI,5.508643303582984
delcaad01,Del Castillo,Adrian,ARI,3.618276513418595
newmake01,Newman,Kevin,ARI,3.2446762826743862
galleza01,Gallen,Zac,ARI,1.7472555094271225
florody01,Floro,Dylan,ARI,1.4101781868920231
alexabl01,Alexander,Blaze,ARI,1.3378311747581766
martiju01,Martinez,Justin,ARI,1.3020308582322362
pukaj01,Puk,A. J.,ARI,1.0677363778671711
thompry02,Thompson,Ryan,ARI,0.9619455999459396
nelsory01,Nelson,Ryne,ARI,0.7904493023897725
jarvibr01,Jarvis,Bryce,ARI,0.6860618934189816
ginkeke01,Ginkel,Kevin,ARI,0.6588370652695849
mantijo01,Mantiply,Joe,ARI,0.503961117539313
kellyme01,Kelly,Merrill,ARI,0.4557285305932298
bowmama01,Bowman,Matthew,ARI,0.2412635336555736
vieirth01,Vieira,Thyago,ARI,0.2412635336555736
sewalpa01,Sewald,Paul,ARI,0.2300076703194311
diazyi01,Díaz,Yilber,ARI,0.2214340502281651
nelsoky01,Nelson,Kyle,ARI,0.0727751718506034
jacqujo01,Jacques,Joe,ARI,-0.0105038793983432
castehu01,Castellanos,Humberto,ARI,-0.0451240522697279
herrejo04,Herrera,Jose,ARI,-0.1002526149103463
castrmi01,Castro,Miguel,ARI,-0.1661318110664143
guilllu01,Guillorme,Luis,ARI,-0.1666975091814224
thomaal01,Thomas,Alek,ARI,-0.1921794416181257
allenlo01,Allen,Logan,ARI,-0.1964651738921661
rodried05,Rodriguez,Eduardo,ARI,-0.2151163819502964
walstbl01,Walston,Blake,ARI,-0.2155426733817755
menacr01,Mena,Cristian,ARI,-0.2389069829170177
saalfan01,Saalfrank,Andrew,ARI,-0.3463023276390059
barrojo01,Barrosa,Jorge,ARI,-0.3696614858837228
friaslu01,Frias,Luis,ARI,-0.4599147417137041
pfaadbr01,Pfaadt,Brandon,ARI,-0.5449228544194116
hughebr01,Hughes,Brandon,ARI,-0.6513411216224381
henryto01,Henry,Tommy,ARI,-1.0415892261618938
mcgousc01,McGough,Scott,ARI,-1.3382090647889229
ceccosl01,Cecconi,Slade,ARI,-1.5652792282034564
peterja01,Peterson,Jace,ARI,-1.623386015843555
barnhtu01,Barnhart,Tucker,ARI,-1.8163477550309195
montgjo01,Montgomery,Jordan,ARI,-2.0173723337636944
ozunama01,Ozuna,Marcell,ATL,31.853595503195187
olsonma02,Olson,Matt,ATL,17.874375421744126
rileyau01,Riley,Austin,ATL,11.789574301207884
solerjo01,Soler,Jorge,ATL,7.842947114996962
harrimi04,Harris,Michael,ATL,7.535294748562315
laurera01,Laureano,Ramon,ATL,7.339679985049072
darnatr01,d'Arnaud,Travis,ATL,6.290495885665975
albieoz01,Albies,Ozzie,ATL,5.964079935514027
salech01,Sale,Chris,ATL,4.740286456136613
kelenja01,Kelenic,Jarred,ATL,4.258104166408617
lopezre01,Lopez,Reynaldo,ATL,4.084984216974862
acunaro01,Acuña,Ronald,ATL,3.3426926549302087
friedma01,Fried,Max,ATL,2.2612942149333
urshegi01,Urshela,Gio,ATL,1.9472535674756712
iglesra01,Iglesias,Raisel,ATL,1.823038617028922
schwesp01,Schwellenbach,Spencer,ATL,1.7406121486429336
merriwh01,Merrifield,Whit,ATL,1.61904571771616
jimenjo02,Jimenez,Joe,ATL,1.4872401687882597
leedy01,Lee,Dylan,ATL,1.3039611175393129
holmegr01,Holmes,Grant,ATL,0.969340944667928
whiteel04,White,Eli,ATL,0.9681666457352366
arciaor01,Arcia,Orlando,ATL,0.8621147953580952
minteaj01,Minter,A. J.,ATL,0.8436200843941298
murphse01,Murphy,Sean,ATL,0.8105611412068819
chaveje01,Chavez,Jesse,ATL,0.7008525828629579
bummeaa01,Bummer,Aaron,ATL,0.5712712039750054
johnspi01,Johnson,Pierce,ATL,0.5249688763359994
mortoch02,Morton,Charlie,ATL,0.3780151636843528
hernada03,Hernández,Daysbel,ATL,0.3665581024978932
biggica01,Biggio,Cavan,ATL,0.2434733924991944
smithaj01,Smith-Shawver,AJ,ATL,0.2326899135643076
brebbjo01,Brebbia,John,ATL,0.1579844824066271
stephja01,Stephens,Jackson,ATL,0.0789922412033135
trompch01,Tromp,Chadwick,ATL,0.0736318412200296
hergeji01,Herget,Jimmy,ATL,0.0622712924522602
wallfo01,Wall,Forrest,ATL,0.0230009142558136
dodddy01,Dodd,Dylan,ATL,-0.0926046552780118
jackslu01,Jackson,Luke,ATL,-0.1334418975021067
guilllu01,Guillorme,Luis,ATL,-0.1666975091814224
martijp01,Martínez,J. P.,ATL,-0.1733302858139545
fletcda02,Fletcher,David,ATL,-0.1934972572325591
kerrra01,Kerr,Ray,ATL,-0.2007519839377992
stridsp01,Strider,Spencer,ATL,-0.2167209487510533
dunshpa01,Dunshee,Parker,ATL,-0.3747054311576804
shortza01,Short,Zack,ATL,-0.3823299810620167
anderbr06,Anderson,Brian,ATL,-0.4616651429069772
matzety01,Matzek,Tyler,ATL,-0.5630232763900593
willilu01,Williams,Luke,ATL,-0.5985415942941488
vinesda01,Vines,Darius,ATL,-0.6661318110664144
waldrhu01,Waldrep,Hurston,ATL,-0.9241162934730416
winanal01,Winans,Allan,ATL,-0.988317845232379
elderbr01,Elder,Bryce,ATL,-1.033015606070628
alvarna01,Alvarez,Nacho,ATL,-1.7246569146046546
rosared01,Rosario,Eddie,ATL,-1.902102910717361
duvalad01,Duvall,Adam,ATL,-2.3099984417614934
hendegu01,Henderson,Gunnar,BAL,29.918981021405244
santaan02,Santander,Anthony,BAL,19.81030069925438
cowseco01,Cowser,Colton,BAL,12.807283190286052
westbjo01,Westburg,Jordan,BAL,11.832930791159166
ohearry01,O'Hearn,Ryan,BAL,10.751253632483644
rutscad01,Rutschman,Adley,BAL,8.91648398223258
mountry01,Mountcastle,Ryan,BAL,8.904384953207131
mullice01,Mullins,Cedric,BAL,6.991068856872355
uriasra01,Urias,Ramon,BAL,5.846912808764676
norbyco01,Norby,Connor,BAL,3.510542520498869
riverem01,Rivera,Emmanuel,BAL,3.454948353002108
burneco01,Burnes,Corbin,BAL,2.835247662153182
haysau01,Hays,Austin,BAL,2.491059396263943
kjershe01,Kjerstad,Heston,BAL,2.210398378084553
mccanja02,McCann,James,BAL,1.6454758446715525
mateojo01,Mateo,Jorge,BAL,1.6215836122325349
suareal01,Suarez,Albert,BAL,1.5775888722528737
eflinza01,Eflin,Zach,BAL,1.3712712039750052
mckenry01,McKenna,Ryan,BAL,1.287752742767441
akinke01,Akin,Keegan,BAL,1.1242168923982003
rodrigr01,Rodriguez,Grayson,BAL,1.0647284421159746
stoweky01,Stowers,Kyle,BAL,1.0086779424883687
jimenel02,Jimenez,Eloy,BAL,0.9940103810491234
bradiky01,Bradish,Kyle,BAL,0.9121084461991
couloda01,Coulombe,Danny,BAL,0.8930309467094908
canoye01,Cano,Yennier,BAL,0.8218603416596441
webbja01,Webb,Jacob,BAL,0.7428681004563303
slateau01,Slater,Austin,BAL,0.7056907420697586
meansjo01,Means,John,BAL,0.5097518954605441
sotoli01,Soto,Livan,BAL,0.4796706284418592
vespini01,Vespi,Nick,BAL,0.2622712924522602
davidtu01,Davidson,Tucker,BAL,0.250589137684639
bowmama01,Bowman,Matthew,BAL,0.2412635336555736
vieirth01,Vieira,Thyago,BAL,0.2412635336555736
nittovi01,Nittoli,Vinny,BAL,0.2295813788879525
dominse01,Dominguez,Seranthony,BAL,0.2171472401825323
selbyco01,Selby,Colin,BAL,0.2147906894439763
pachecr01,Pache,Cristian,BAL,0.2076669714186045
smithbu03,Smith,Burch,BAL,0.0930309467094907
baumami01,Baumann,Mike,BAL,0.0844573266182244
sotogr01,Soto,Gregory,BAL,-0.002682243244876
perezci01,Perez,Cionel,BAL,-0.0182249166266518
tatedi01,Tate,Dillon,BAL,-0.0210077587966864
ramiryo01,Ramirez,Yohan,BAL,-0.0778139658340355
mcderch01,McDermott,Chayce,BAL,-0.0852093105560237
banueda01,Bañuelos,David,BAL,-0.0923330285813954
johnsda07,Johnson,Daniel,BAL,-0.0923330285813954
rogertr01,Rogers,Trevor,BAL,-0.1438451779752921
bakerbr01,Baker,Bryan,BAL,-0.1470543115768051
kremede01,Kremer,Dean,BAL,-0.237201817191103
krookma01,Krook,Matt,BAL,-0.2463023276390059
wellsty01,Wells,Tyler,BAL,-0.2766356904647575
irvinco01,Irvin,Cole,BAL,-0.303108534676355
matonni01,Maton,Nick,BAL,-0.4616651429069772
povicca01,Povich,Cade,BAL,-0.6220854352408054
kimbrcr01,Kimbrel,Craig,BAL,-0.689821813107977
kempto01,Kemp,Tony,BAL,-0.7733302858139546
heasljo01,Heasley,Jonathan,BAL,-0.8136124140746983
hollija01,Holliday,Jackson,BAL,-1.566848892298674
mayoco01,Mayo,Coby,BAL,-2.224148583036873
duranja01,Duran,Jarren,BOS,24.0250980048623
deverra01,Devers,Rafael,BOS,22.992421251152766
oneilty01,O'Neill,Tyler,BOS,16.42830229851821
abreuwi02,Abreu,Wilyer,BOS,11.079391863213976
wongco01,Wong,Connor,BOS,10.412725290649856
refsnro01,Refsnyder,Rob,BOS,9.84609325409299
yoshima02,Yoshida,Masataka,BOS,9.40676322120077
casastr01,Casas,Triston,BOS,6.712602356607699
rafaece01,Rafaela,Ceddanne,BOS,4.123903796009512
smithdo02,Smith,Dominic,BOS,3.937089384708057
hamilda03,Hamilton,David,BOS,3.891654429493559
gonzaro01,Gonzalez,Romy,BOS,3.46963366561456
houckta01,Houck,Tanner,BOS,2.093984128497607
janseda01,Jansen,Danny,BOS,1.9071603925327445
storytr01,Story,Trevor,BOS,1.871209608669954
coopega03,Cooper,Garrett,BOS,0.9738052876222464
janseke01,Jansen,Kenley,BOS,0.9354727557343424
slateju01,Slaten,Justin,BOS,0.8712712039750053
pivetni01,Pivetta,Nick,BOS,0.8219609405848018
valdeen01,Valdez,Enmanuel,BOS,0.5960975056764782
booseca01,Booser,Cam,BOS,0.5911006874024135
whitlga01,Whitlock,Garrett,BOS,0.5844573266182245
fittsri01,Fitts,Richard,BOS,0.5097518954605441
simslu01,Sims,Lucas,BOS,0.4973177567551238
sogarni01,Sogard,Nick,BOS,0.4476712303116793
guerrlu01,Guerrero,Luis,BOS,0.4369767236099407
bellobr01,Bello,Brayan,BOS,0.3169221466013706
paxtoja01,Paxton,James,BOS,0.2969920642488029
garcilu03,Garcia,Luis,BOS,0.2447983597634073
bernabr01,Bernardino,Brennan,BOS,0.2385812904106973
weissgr01,Weissert,Greg,BOS,0.2008525828629577
martich02,Martin,Chris,BOS,0.1805968080040706
priesqu01,Priester,Quinn,BOS,0.1684883618049703
crawfku01,Crawford,Kutter,BOS,0.1624724903025764
criswco01,Criswell,Cooper,BOS,0.133968787858744
wingetr01,Wingenter,Trey,BOS,0.1221860341659644
uwasana01,Uwasawa,Naoyuki,BOS,0.1147906894439762
shugach01,Shugart,Chase,BOS,0.0653798271286152
penroza01,Penrod,Zach,BOS,0.0147906894439762
hillri01,Hill,Rich,BOS,-0.003108534676355
jacqujo01,Jacques,Joe,BOS,-0.0105038793983432
kellyza01,Kelly,Zack,BOS,-0.0571318995436695
heinety01,Heineman,Tyler,BOS,-0.0733014133831923
ramiryo01,Ramirez,Yohan,BOS,-0.0778139658340355
kellebr01,Keller,Brad,BOS,-0.105038793983432
westbja02,Westbrook,Jamie,BOS,-0.2221523433255866
winckjo01,Winckowski,Josh,BOS,-0.3189769005644505
anderch01,Anderson,Chase,BOS,-0.3599147417137042
shortza01,Short,Zack,BOS,-0.3823299810620167
hornba01,Horn,Bailey,BOS,-0.4334418975021067
rodrijo04,Rodriguez,Joely,BOS,-0.5661318110664143
campbis01,Campbell,Isaiah,BOS,-0.9420155175933728
mcguire01,McGuire,Reese,BOS,-0.949882609581245
gaspemi01,Gasper,Mickey,BOS,-1.3736596573720954
reyespa01,Reyes,Pablo,BOS,-1.5256161568483149
grissva01,Grissom,Vaughn,BOS,-2.5802509725647966
dalbebo01,Dalbec,Bobby,BOS,-2.83439766563296
vaughan01,Vaughn,Andrew,CHA,7.748750044958319
beninan01,Benintendi,Andrew,CHA,5.4766873823983655
dejonpa01,DeJong,Paul,CHA,4.911152167980155
phamth01,Pham,Tommy,CHA,4.2093783342037785
sheetga01,Sheets,Gavin,CHA,3.368536272738613
roberlu01,Robert,Luis,CHA,2.6637729807249677
pillake01,Pillar,Kevin,CHA,2.2674913454518864
feddeer01,Fedde,Erick,CHA,2.233216803920945
crochga01,Crochet,Garrett,CHA,1.739860164705134
senzeni01,Senzel,Nick,CHA,1.6528091760311328
grossro01,Grossman,Robbie,CHA,1.5082276559268968
sosale01,Sosa,Lenyn,CHA,1.4753169721663302
vargami01,Vargas,Miguel,CHA,1.433780248699631
hillti01,Hill,Tim,CHA,1.062697583883739
jimenel02,Jimenez,Eloy,CHA,0.9940103810491234
kopecmi01,Kopech,Michael,CHA,0.9887441366638576
moncayo01,Moncada,Yoan,CHA,0.9450137138372042
burkese01,Burke,Sean,CHA,0.6202557748588874
remilza01,Remillard,Zach,CHA,0.3413449139069726
berropr01,Berroa,Prelander,CHA,0.3202557748588873
delosen01,De Los Santos,Enyel,CHA,0.2307596542572304
ellisdu01,Ellis,Duke,CHA,0.2076669714186045
banksta01,Banks,Tanner,CHA,0.206643360784189
varlagu01,Varland,Gus,CHA,0.1918526713402127
martida03,Martin,Davis,CHA,0.1848836180497034
cannojo02,Cannon,Jonathan,CHA,0.1764105968835955
brebbjo01,Brebbia,John,CHA,0.1579844824066271
fostema01,Foster,Matt,CHA,0.1579844824066271
colasos01,Colás,Oscar,CHA,0.1458903684524272
shustja01,Shuster,Jared,CHA,0.1378293064728981
ellarfr01,Ellard,Fraser,CHA,0.0887441366638576
deloaza01,DeLoach,Zach,CHA,0.0690527071416088
iriarja01,Iriarte,Jairo,CHA,0.0221860341659644
ederja01,Eder,Jake,CHA,0.0073953447219881
anderju01,Anderson,Justin,CHA,-0.0361241407469828
amayaja01,Amaya,Jacob,CHA,-0.0923330285813954
peralsa01,Peralta,Sammy,CHA,-0.094534914585089
kellebr01,Keller,Brad,CHA,-0.105038793983432
bushky01,Bush,Ky,CHA,-0.1513411216224381
shawbr01,Shaw,Bryan,CHA,-0.2852093105560237
kuhlch01,Kuhl,Chad,CHA,-0.4361241407469828
clevimi01,Clevinger,Mike,CHA,-0.4408372422240948
ramosbr01,Ramos,Bryan,CHA,-0.4796340582093146
leasujo01,Leasure,Jordan,CHA,-0.5174729326888524
thorpdr01,Thorpe,Drew,CHA,-0.5194031919959297
woodfja01,Woodford,Jake,CHA,-0.552519396991716
sorokmi01,Soroka,Mike,CHA,-0.6220854352408054
lopezni01,Lopez,Nicky,CHA,-0.6262849743682825
toussto01,Toussaint,Touki,CHA,-0.6649535356971364
leonedo01,Leone,Dominic,CHA,-0.6797442251411127
garcide01,Garcia,Deivi,CHA,-0.8482325869460832
baldwbr01,Baldwin,Brooks,CHA,-0.8957529034516656
flexech01,Flexen,Chris,CHA,-0.908372422240949
ortegra01,Ortega,Rafael,CHA,-0.9375186287408656
julksco01,Julks,Corey,CHA,-0.9656822862768047
wilsost02,Wilson,Steven,CHA,-1.0384806914855391
mendida01,Mendick,Danny,CHA,-1.0911081472161883
nastrni01,Nastrini,Nick,CHA,-1.3847830191245454
leeko01,Lee,Korey,CHA,-1.4431389905127794
shewmbr01,Shewmake,Braden,CHA,-2.794906664953495
robinch03,Robinson,Chuckie,CHA,-3.3015958864717687
fletcdo01,Fletcher,Dominic,CHA,-3.8501486947487975
maldoma01,Maldonado,Martin,CHA,-4.585956115720945
suzukse01,Suzuki,Seiya,CHN,20.417697811133667
happia01,Happ,Ian,CHN,16.410047322198935
buschmi02,Busch,Michael,CHN,13.528019568542328
bellico01,Bellinger,Cody,CHN,11.602041620906911
paredis01,Paredes,Isaac,CHN,11.34822164767226
hoernni01,Hoerner,Nico,CHN,8.91427094736675
swansda01,Swanson,Dansby,CHN,7.6437050624684515
tauchmi01,Tauchman,Mike,CHN,5.63646013073978
morelch01,Morel,Christopher,CHN,3.728209331873397
crowape01,Crow-Armstrong,Pete,CHN,3.3119612199564434
imanash01,Imanaga,Shota,CHN,2.707596542572306
taillja01,Taillon,Jameson,CHN,2.178015163684353
steelju01,Steele,Justin,CHN,1.831286544613868
bethach01,Bethancourt,Christian,CHN,1.7549828926450377
amayami01,Amaya,Miguel,CHN,1.5499586946896942
assadja01,Assad,Javier,CHN,1.4935578370661284
millety01,Miller,Tyson,CHN,1.4027828421700348
hodgepo01,Hodge,Porter,CHN,1.3089999115227449
coopega03,Cooper,Garrett,CHN,0.9738052876222464
boteda01,Bote,David,CHN,0.8391036048018382
lopezjo02,Lopez,Jorge,CHN,0.8319379296265087
tinocje01,Tinoco,Jesus,CHN,0.8319379296265087
brownbe01,Brown,Ben,CHN,0.7712712039750054
canaral01,Canario,Alexander,CHN,0.7626751997209276
pareden01,Paredes,Enoli,CHN,0.7097518954605441
pearsna01,Pearson,Nate,CHN,0.6140387055061771
thompke02,Thompson,Keegan,CHN,0.4288293949501532
wisdopa01,Wisdom,Patrick,CHN,0.3771966719439814
nerishe01,Neris,Hector,CHN,0.362697583883739
biggehu01,Bigge,Hunter,CHN,0.3517674130539169
roberet01,Roberts,Ethan,CHN,0.3319379296265086
littllu01,Little,Luke,CHN,0.2961394813858458
armstsh01,Armstrong,Shawn,CHN,0.2801705165725915
smylydr01,Smyly,Drew,CHN,0.2502634451783185
lovelri01,Lovelady,Richard,CHN,0.2393332743484966
almonye01,Almonte,Yency,CHN,0.1412635336555736
wingetr01,Wingenter,Trey,CHN,0.1221860341659644
nidoto01,Nido,Tomas,CHN,0.0957778221865965
holloga01,Hollowell,Gavin,CHN,0.0715968964813254
kiliaca01,Kilian,Caleb,CHN,-0.0272248281493965
leitema02,Leiter,Mark,CHN,-0.0489845708838819
wesneha01,Wesneski,Hayden,CHN,-0.0664575035727347
cuasjo01,Cuas,Jose,CHN,-0.1389069829170178
neelyja01,Neely,Jack,CHN,-0.2778139658340356
merryju01,Merryweather,Julian,CHN,-0.2945349145850888
palenda01,Palencia,Daniel,CHN,-0.3124341387054202
alzolad01,Alzolay,Adbert,CHN,-0.3692403457427696
breweco01,Brewer,Colten,CHN,-0.4902481045394559
alcanke01,Alcántara,Kevin,CHN,-0.6233302858139547
wicksjo01,Wicks,Jordan,CHN,-0.6299070713942727
vazqulu01,Vázquez,Luis,CHN,-0.8176624001395364
madrini01,Madrigal,Nick,CHN,-1.118367006906987
hendrky01,Hendricks,Kyle,CHN,-1.7835041448301083
mervima01,Mervis,Matt,CHN,-1.8341164003800916
mastrmi01,Mastrobuoni,Miles,CHN,-2.3179132745258784
gomesya01,Gomes,Yan,CHN,-2.776582770177623
delacel01,De La Cruz,Elly,CIN,20.18883932956011
stephty01,Stephenson,Tyler,CIN,12.86304170290081
indiajo01,India,Jonathan,CIN,12.76796399903153
steersp01,Steer,Spencer,CIN,10.379533250604585
candeje01,Candelario,Jeimer,CIN,6.364093481099618
fraleja01,Fraley,Jake,CIN,5.730211653335509
rosaram01,Rosario,Amed,CIN,5.445917140116249
smithdo02,Smith,Dominic,CIN,3.937089384708057
friedtj01,Friedl,TJ,CIN,3.796073007876636
greenhu01,Greene,Hunter,CIN,3.3725500782694424
hindsre01,Hinds,Rece,CIN,3.3290590206097024
francty01,France,Ty,CIN,2.356770282325544
martini01,Martinez,Nick,CIN,2.0429686993814893
espinsa01,Espinal,Santiago,CIN,2.017958275134414
bensowi01,Benson,Will,CIN,1.9993336824401875
abbotan01,Abbott,Andrew,CIN,1.4102787858171817
faircst01,Fairchild,Stuart,CIN,1.336859871381857
farmebu01,Farmer,Buck,CIN,1.3125347376305787
lowderh01,Lowder,Rhett,CIN,1.246728619070485
wynnsau01,Wynns,Austin,CIN,1.0901815336352487
suterbr01,Suter,Brent,CIN,1.0261471517052774
junisja01,Junis,Jakob,CIN,0.901604566800757
slateau01,Slater,Austin,CIN,0.7056907420697586
martini02,Martini,Nick,CIN,0.6297206026906489
santito01,Santillan,Tony,CIN,0.5109301708298222
simslu01,Sims,Lucas,CIN,0.4973177567551238
sotoli01,Soto,Livan,CIN,0.4796706284418592
mollsa01,Moll,Sam,CIN,0.4226123255974431
youngal01,Young,Alex,CIN,0.2338681889335855
buchada01,Buchanan,David,CIN,0.0789922412033135
willibr02,Williamson,Brandon,CIN,0.0696666371742483
wiemejo01,Wiemer,Joey,CIN,0.0576669714186045
paganem01,Pagan,Emilio,CIN,0.0405115497177747
kraveev01,Kravetz,Evan,CIN,0.0357984482406627
gibauia01,Gibaut,Ian,CIN,0.0073953447219881
lodolni01,Lodolo,Nick,CIN,-0.0068684543653509
kellyca01,Kelly,Casey,CIN,-0.0136124140746982
cruzfe01,Cruz,Fernando,CIN,-0.0201551759337283
diazal03,Diaz,Alexis,CIN,-0.0750311236640006
yanger01,Yang,Eric,CIN,-0.0923330285813954
antonte01,Antone,Tejay,CIN,-0.0926046552780118
zulueyo01,Zulueta,Yosver,CIN,-0.1229380181037635
capelco01,Capel,Conner,CIN,-0.1386642286511636
richaly01,Richardson,Lyon,CIN,-0.1642015517593373
montafr01,Montas,Frankie,CIN,-0.2213334513030066
dunnbl01,Dunn,Blake,CIN,-0.2891962903989295
leibrbr01,Leibrandt,Brandon,CIN,-0.3599147417137042
riosed01,Rios,Edwin,CIN,-0.4566636191472879
busenal01,Busenitz,Alan,CIN,-0.4852093105560238
wilsoju10,Wilson,Justin,CIN,-0.4941086231536099
aguiaju01,Aguiar,Julian,CIN,-0.4995737085685211
jordale01,Jordan,Levi,CIN,-0.5356633143953501
legumca01,Legumina,Casey,CIN,-0.5988217246307219
hurtuja01,Hurtubise,Jacob,CIN,-0.7482027180981985
ashcrgr01,Ashcraft,Graham,CIN,-0.8473800040831257
thompbu01,Thompson,Bubba,CIN,-0.911994514465118
spierca01,Spiers,Carson,CIN,-1.031411039269871
encarch01,Encarnacion-Strand,Christian,CIN,-1.8992038948219856
fordmi01,Ford,Mike,CIN,-1.904647772046518
marteno01,Marte,Noelvi,CIN,-2.407038331544862
mailelu01,Maile,Luke,CIN,-2.600061907629861
ramirjo01,Ramirez,Jose,CLE,26.185643019940663
naylojo01,Naylor,Josh,CLE,15.22012629179785
kwanst01,Kwan,Steven,CLE,14.322330623209249
fryda01,Fry,David,CLE,11.034148704002046
laurera01,Laureano,Ramon,CLE,7.339679985049072
thomala02,Thomas,Lane,CLE,6.265437253744149
noeljh01,Noel,Jhonkensy,CLE,4.703255871609959
brennwi02,Brennan,Will,CLE,4.294622728949226
claseem01,Clase,Emmanuel,CLE,2.991526978833892
smithca05,Smith,Cade,CLE,2.445224651194886
gaddihu01,Gaddis,Hunter,CLE,2.4094262029542244
bibeeta01,Bibee,Tanner,CLE,2.325495766692636
gimenan01,Gimenez,Andres,CLE,2.1245316163623693
manzaky01,Manzardo,Kyle,CLE,2.040185472336793
schneda04,Schneemann,Daniel,CLE,1.8394784037188583
herriti01,Herrin,Tim,CLE,1.8261471517052776
livelbe01,Lively,Ben,CLE,1.408348526510104
tenajo01,Tena,José,CLE,1.288593503733947
morgael01,Morgan,Eli,CLE,1.155302239161751
avilape01,Avila,Pedro,CLE,1.009426202954224
sabroer01,Sabrowski,Erik,CLE,0.6801705165725915
biebesh01,Bieber,Shane,CLE,0.6443720683319288
freemty01,Freeman,Tyler,CLE,0.6225400481606368
boydma01,Boyd,Matt,CLE,0.5300076703194312
martian02,Martínez,Angel,CLE,0.4993094764712587
hentgsa01,Hentges,Sam,CLE,0.4708449125435264
curryxz01,Curry,Xzavion,CLE,0.3665581024978932
waltean01,Walters,Andrew,CLE,0.3653798271286152
strzepe01,Strzelecki,Peter,CLE,0.3264728442115974
flories01,Florial,Estevan,CLE,0.2545913458424181
barlosc01,Barlow,Scott,CLE,0.2533719798546739
gillico01,Gillispie,Connor,CLE,0.2295813788879525
parsowe01,Parsons,Wes,CLE,0.2147906894439763
sandlni01,Sandlin,Nick,CLE,0.1965657728173243
cobbal01,Cobb,Alex,CLE,0.1770619818962364
strawmy01,Straw,Myles,CLE,-0.0693321143255818
naylobo01,Naylor,Bo,CLE,-0.0989837559152947
williga01,Williams,Gavin,CLE,-0.1189769005644508
cantijo01,Cantillo,Joey,CLE,-0.1236900020415626
rocchbr01,Rocchio,Brayan,CLE,-0.1253576410881505
ariasga01,Arias,Gabriel,CLE,-0.1920881898399625
gosean01,Gose,Anthony,CLE,-0.2673100864356924
mccauda01,McCaughan,Darren,CLE,-0.2778139658340356
howarsp01,Howard,Spencer,CLE,-0.3112558633361423
mckentr01,McKenzie,Triston,CLE,-0.5368761246847817
beedety01,Beede,Tyler,CLE,-0.648232586946083
rodrijo08,Rodríguez,Johnathan,CLE,-0.775579207771947
allenlo02,Allen,Logan,CLE,-1.0734265568632444
carraca01,Carrasco,Carlos,CLE,-1.233341298576948
hedgeau01,Hedges,Austin,CLE,-4.033727742417562
tovarez01,Tovar,Ezequiel,COL,15.272924986807846
doylebr02,Doyle,Brenton,COL,13.310043555020874
toglimi01,Toglia,Michael,COL,10.37222699093386
mcmahry01,McMahon,Ryan,COL,10.253672145972244
blackch02,Blackmon,Charlie,COL,9.366019183317963
rodgebr02,Rodgers,Brendan,COL,8.534710862730199
stallja01,Stallings,Jacob,COL,8.15909767622162
hillisa01,Hilliard,Sam,COL,4.548104902812929
diazel01,Diaz,Elias,COL,3.812198338094208
caveja01,Cave,Jake,COL,3.6528450774990673
jonesno01,Jones,Nolan,COL,1.1412985399069449
goodmhu01,Goodman,Hunter,COL,0.9806717399475108
perallu01,Peralta,Luis,COL,0.5622712924522603
jonesgr02,Jones,Greg,COL,0.4660018285116273
criswje01,Criswell,Jeff,COL,0.45605422309955
halvose01,Halvorsen,Seth,COL,0.3622712924522602
vodnivi01,Vodnik,Victor,COL,0.2557285305932298
bryankr01,Bryant,Kris,COL,0.1808617728912212
blalobr01,Blalock,Bradley,COL,0.053697672360994
shrevch01,Shreve,Chasen,COL,0.053697672360994
birdja01,Bird,Jake,COL,0.0479068944397629
justiev01,Justice,Evan,COL,0.0178992241203313
chivian01,Chivilli,Angel,COL,0.000426291431479
gombeau01,Gomber,Austin,COL,-0.0398840604359784
marquge01,Marquez,German,COL,-0.0852093105560237
hillja01,Hill,Jaden,COL,-0.1272248281493966
beeksja01,Beeks,Jalen,COL,-0.1902481045394559
rogerjo01,Rogers,Josh,COL,-0.2093256040290652
curtijo02,Curtiss,John,COL,-0.2747054311576805
schunaa01,Schunk,Aaron,COL,-0.3007644605512221
quantca01,Quantrill,Cal,COL,-0.334845266452546
mearsni01,Mears,Nick,COL,-0.3377287075477398
senzaan01,Senzatela,Antonio,COL,-0.3377287075477398
kochma01,Koch,Matt,COL,-0.3821007758796686
davisno01,Davis,Noah,COL,-0.4081473286597871
bouchse01,Bouchard,Sean,COL,-0.467546146121402
hartlge01,Hartlieb,Geoff,COL,-0.5167209487510533
carasma01,Carasiti,Matt,COL,-0.5346201728713847
gilbrlu01,Gilbreath,Lucas,COL,-0.5463023276390059
pintri01,Pint,Riley,COL,-0.6210077587966862
feltnry01,Feltner,Ryan,COL,-0.6830778533986291
lambepe01,Lambert,Peter,COL,-0.9065427618590304
kinlety01,Kinley,Tyler,COL,-0.9633489688963796
amadoad01,Amador,Adael,COL,-1.1939890289302362
freelky01,Freeland,Kyle,COL,-1.2142637990873386
romodr01,Romo,Drew,COL,-1.3730622795198415
molinan01,Molina,Anthony,COL,-1.3960388824606875
gordota01,Gordon,Tanner,COL,-1.55637991560587
monteel01,Montero,Elehuris,COL,-1.6589366310332494
blachty01,Blach,Ty,COL,-1.66956603824909
hudsoda02,Hudson,Dakota,COL,-1.820907159871528
lawreju01,Lawrence,Justin,COL,-1.9960388824606876
beckjo01,Beck,Jordan,COL,-2.608689023682647
trejoal01,Trejo,Alan,COL,-2.879694172086386
greenri02,Greene,Riley,DET,18.46603574329645
carpeke01,Carpenter,Kerry,DET,13.90039989837841
vierlma01,Vierling,Matt,DET,10.154605226781204
keithco01,Keith,Colt,DET,6.141905876185994
meadopa01,Meadows,Parker,DET,5.682090511325546
skubata01,Skubal,Tarik,DET,4.909953093310862
perezwe01,Pérez,Wenceel,DET,4.296599347087716
canhama01,Canha,Mark,DET,4.032948224813912
kellyca02,Kelly,Carson,DET,3.0642164270270005
torkesp01,Torkelson,Spencer,DET,3.0467824724030605
holtoty01,Holton,Tyler,DET,2.5654804260537736
urshegi01,Urshela,Gio,DET,1.9472535674756712
flaheja01,Flaherty,Jack,DET,1.9277517185060344
vestwi01,Vest,Will,DET,1.476736289389916
malloju02,Malloy,Justyn-Henry,DET,1.452017287665183
ibanean01,Ibanez,Andy,DET,1.342169597568078
hurtebr01,Hurter,Brant,DET,1.1342944803650648
olsonre01,Olson,Reese,DET,0.9320385285516672
guentse01,Guenther,Sean,DET,0.9276511195808756
hanifbr01,Hanifee,Brenan,DET,0.8751317225891594
madribl01,Madris,Bligh,DET,0.7434752879618103
jungja01,Jung,Jace,DET,0.7042396171462959
faedoal01,Faedo,Alex,DET,0.6786665486969934
briesbe01,Brieske,Beau,DET,0.5335424964272655
sweentr01,Sweeney,Trey,DET,0.4655514169957589
wentzjo01,Wentz,Joey,DET,0.4443720683319288
foleyja01,Foley,Jason,DET,0.421860341659644
chafian01,Chafin,Andrew,DET,0.3868138773567804
kennebu01,Kennedy,Buddy,DET,0.3746706284418592
sammobr01,Sammons,Bryan,DET,0.3677363778671711
jobeja01,Jobe,Jackson,DET,0.2147906894439763
vanasri01,Vanasco,Ricky,DET,0.1073953447219881
maddety01,Madden,Ty,DET,0.0350464643028634
mannima01,Manning,Matt,DET,-0.0143643980124972
lucasea01,Lucas,Easton,DET,-0.0210077587966864
millesh01,Miller,Shelby,DET,-0.1108295719046633
monteke01,Montero,Keider,DET,-0.1197288845022495
mckinza01,McKinstry,Zach,DET,-0.1866975300901192
mizeca01,Mize,Casey,DET,-0.2049381950582736
englema01,Englert,Mason,DET,-0.3365504321784618
rogerja03,Rogers,Jake,DET,-0.4421983738657529
langeal01,Lange,Alex,DET,-0.5976434492614439
baddoak01,Baddoo,Akil,DET,-1.1644590286059349
viladry01,Vilade,Ryan,DET,-1.171985371906982
dingldi01,Dingler,Dillon,DET,-1.443687772295691
maedake01,Maeda,Kenta,DET,-1.9679614714483329
kreidry01,Kreidler,Ryan,DET,-2.3991044849093486
baezja01,Baez,Javier,DET,-4.334245260023286
alvaryo01,Alvarez,Yordan,HOU,32.7280377203791
tuckeky01,Tucker,Kyle,HOU,19.00191467101936
altuvjo01,Altuve,Jose,HOU,17.838747118953272
bregmal01,Bregman,Alex,HOU,14.50956900159837
diazya02,Diaz,Yainer,HOU,13.945086077346977
penaje02,Peña,Jeremy,HOU,8.317922534415212
singljo02,Singleton,Jon,HOU,5.549489621717941
caratvi01,Caratini,Victor,HOU,5.276260372779279
valdefr01,Valdez,Framber,HOU,3.468689559655288
blancro01,Blanco,Ronel,HOU,3.3854105084063413
dubonma01,Dubon,Mauricio,HOU,2.652865837981558
meyerja02,Meyers,Jake,HOU,2.356793167523018
brownhu01,Brown,Hunter,HOU,2.028604301368992
heywaja01,Heyward,Jason,HOU,1.9754222711991996
scottta02,Scott,Tayler,HOU,1.5872401687882598
abreubr01,Abreu,Bryan,HOU,1.5063176682778685
gamelbe01,Gamel,Ben,HOU,1.2764348209871623
kikucyu01,Kikuchi,Yusei,HOU,1.0218603416596443
salazce01,Salazar,César,HOU,0.7976761139767408
loperjo01,Loperfido,Joey,HOU,0.7385450899389951
kingbr01,King,Bryan,HOU,0.714038705506177
ortka01,Ort,Kaleb,HOU,0.6245425849045205
pressry01,Pressly,Ryan,HOU,0.5428681004563305
haderjo01,Hader,Josh,HOU,0.5125347376305788
martise01,Martinez,Seth,HOU,0.4280774110123539
nerishe01,Neris,Hector,HOU,0.362697583883739
kuhnejo01,Kuhnel,Joel,HOU,0.3295813788879526
dezenza01,Dezenzo,Zach,HOU,0.3152886260802632
javiecr01,Javier,Cristian,HOU,0.2615193085144609
ferguca01,Ferguson,Caleb,HOU,0.1276511195808755
bielabr01,Bielak,Brandon,HOU,0.0622712924522602
colemdy01,Coleman,Dylan,HOU,0.053697672360994
diazmi02,Diaz,Miguel,HOU,0.053697672360994
speasal01,Speas,Alex,HOU,0.0073953447219881
whitlfo01,Whitley,Forrest,HOU,-0.0210077587966864
montera01,Montero,Rafael,HOU,-0.0415892261618938
dubinsh01,Dubin,Shawn,HOU,-0.0657055196349354
amayaja01,Amaya,Jacob,HOU,-0.0923330285813954
whitcsh01,Whitcomb,Shay,HOU,-0.1278071196222394
arrigsp01,Arrighetti,Spencer,HOU,-0.2138375076558602
suerowa01,Suero,Wander,HOU,-0.2497285891359323
hernani01,Hernandez,Nick,HOU,-0.2704186211120474
blossja01,Bloss,Jake,HOU,-0.2735271557884026
contrlu01,Contreras,Luis,HOU,-0.2778139658340356
cabbatr01,Cabbage,Trey,HOU,-0.3493986241628016
diazal02,Diaz,Aledmys,HOU,-0.3693321143255818
mushipa01,Mushinski,Parker,HOU,-0.4093256040290652
henlebl01,Henley,Blair,HOU,-0.4821007758796686
hummeco01,Hummel,Cooper,HOU,-0.7386642286511635
francjp01,France,J. P.,HOU,-0.739658966854817
verlaju01,Verlander,Justin,HOU,-0.7493102633902022
leonpe01,León,Pedro,HOU,-1.1739936002093048
mccorch01,McCormick,Chas,HOU,-1.559759156370201
kessigr01,Kessinger,Grae,HOU,-1.6546280421738926
abreujo02,Abreu,Jose,HOU,-4.575538651006394
wittbo02,Witt,Bobby,KCA,38.47503367918686
perezsa02,Perez,Salvador,KCA,16.662978054528498
pasquvi01,Pasquantino,Vinnie,KCA,11.999411807391535
massemi02,Massey,Michael,KCA,6.74513197857155
dejonpa01,DeJong,Paul,KCA,4.911152167980155
renfrhu01,Renfroe,Hunter,KCA,4.695211465903912
phamth01,Pham,Tommy,KCA,4.2093783342037785
melenmj01,Melendez,MJ,KCA,3.9329041286633086
fermifr01,Fermin,Freddy,KCA,3.800061696468575
lugose01,Lugo,Seth,KCA,3.597518954605441
raganco01,Ragans,Cole,KCA,2.905666283265229
wachami01,Wacha,Michael,KCA,2.449612060165678
isbelky01,Isbel,Kyle,KCA,2.427450302976696
singebr01,Singer,Brady,KCA,1.9476818008586008
blancda02,Blanco,Dairon,KCA,1.6342062844185896
grossro01,Grossman,Robbie,KCA,1.5082276559268968
lorenmi01,Lorenzen,Michael,KCA,1.159263356701064
velazne01,Velazquez,Nelson,KCA,0.8353546457912391
lynchda02,Lynch,Daniel,KCA,0.6268991356430764
longsa01,Long,Sam,KCA,0.5911006874024135
zerpaan01,Zerpa,Angel,KCA,0.481775083373348
schrejo01,Schreiber,John,KCA,0.47437973865136
erceglu01,Erceg,Lucas,KCA,0.4424418090248516
bubickr01,Bubic,Kris,KCA,0.4288293949501532
cruzst01,Cruz,Steven,KCA,0.304286810045633
lylesjo01,Lyles,Jordan,KCA,0.2684883618049704
penniwa01,Pennington,Walter,KCA,0.2307596542572304
anderni01,Anderson,Nick,KCA,0.215216980875455
selbyco01,Selby,Colin,KCA,0.2147906894439763
hernaca04,Hernandez,Carlos,KCA,0.210930170829822
gourryu01,Gurriel,Yuli,KCA,0.1872420310981842
venezan01,Veneziano,Anthony,KCA,0.1085736200912661
prattni01,Pratto,Nick,KCA,0.053697672360994
harvehu01,Harvey,Hunter,KCA,0.0163952562447332
duffety01,Duffey,Tyler,KCA,-0.0167209487510533
marshal01,Marsh,Alec,KCA,-0.0730002654317647
kleinwi01,Klein,Will,KCA,-0.0957131899543669
waterdr01,Waters,Drew,KCA,-0.1418275430465137
garcima01,Garcia,Maikel,KCA,-0.1893176906714501
bowlajo01,Bowlan,Jonathan,KCA,-0.2568062070373491
altavda01,Altavilla,Dan,KCA,-0.4031085346763551
alexacj01,Alexander,CJ,KCA,-0.4386642286511636
gentrty01,Gentry,Tyler,KCA,-0.4616651429069772
sauerma01,Sauer,Matt,KCA,-0.5229380181037635
mcartja01,McArthur,James,KCA,-0.5571318995436695
stratch01,Stratton,Chris,KCA,-0.6676357789420126
smithwi04,Smith,Will,KCA,-0.8804962090789118
hampsga01,Hampson,Garrett,KCA,-1.3194391122151858
fraziad01,Frazier,Adam,KCA,-1.740476202682262
loftini01,Loftin,Nick,KCA,-2.412511781070827
wardta01,Ward,Taylor,LAA,13.213202050534813
netoza01,Neto,Zach,LAA,13.004406103897477
schanno01,Schanuel,Nolan,LAA,8.13734561512953
ohopplo01,O'Hoppe,Logan,LAA,7.572362672767293
rengilu01,Rengifo,Luis,LAA,6.723975732063321
troutmi01,Trout,Mike,LAA,4.746313628101973
adelljo01,Adell,Jo,LAA,4.5168038050387125
calhowi01,Calhoun,Willie,LAA,3.022083229408524
pillake01,Pillar,Kevin,LAA,2.2674913454518864
moniami01,Moniak,Mickey,LAA,1.8871920121603691
anderty01,Anderson,Tyler,LAA,1.3297825767382698
soriajo02,Soriano,José,LAA,1.06783697679233
leblach01,Leblanc,Charles,LAA,1.0646751997209276
joycebe01,Joyce,Ben,LAA,1.061519308514461
strichu01,Strickland,Hunter,LAA,0.8378293064728982
estevca01,Estevez,Carlos,LAA,0.8257208602737984
wagamer01,Wagaman,Eric,LAA,0.6381892183100699
zeferry01,Zeferjahn,Ryan,LAA,0.5128604301368992
kochaja01,Kochanowicz,Jack,LAA,0.5082479275849459
martejo01,Marte,Jose,LAA,0.4381549989792186
crousha01,Crouse,Hans,LAA,0.360341033145183
burkebr01,Burke,Brock,LAA,0.2918526713402126
garcilu03,Garcia,Luis,LAA,0.2447983597634073
thaisma01,Thaiss,Matt,LAA,0.1782859832235019
fulmeca01,Fulmer,Carson,LAA,0.1537982712861532
lopezja03,Lopez,Jack,LAA,0.1411656112426163
quijajo01,Quijada,Jose,LAA,0.1381549989792185
baumami01,Baumann,Mike,LAA,0.0844573266182244
contrro01,Contreras,Roansy,LAA,0.0770619818962363
campegu01,Campero,Gustavo,LAA,0.022362454179974
kavadni01,Kavadas,Niko,LAA,0.0126989703720811
millery01,Miller,Ryan,LAA,-0.001930259307077
garream01,Garrett,Amir,LAA,-0.0136124140746982
wantzan01,Wantz,Andrew,LAA,-0.0284031035186745
zuniggu01,Zuñiga,Guillermo,LAA,-0.0513411216224379
adamsjo03,Adams,Jordyn,LAA,-0.0672265146644559
adriaeh01,Adrianza,Ehire,LAA,-0.0814786464329189
sanomi01,Sano,Miguel,LAA,-0.089883069425491
kristza01,Kristofak,Zac,LAA,-0.0926046552780118
guilllu01,Guillorme,Luis,LAA,-0.1666975091814224
silsech01,Silseth,Chase,LAA,-0.2704186211120474
cuetojo01,Cueto,Johnny,LAA,-0.2914263799087338
tuckeco01,Tucker,Cole,LAA,-0.3942849567785471
rosenke01,Rosenberg,Kenny,LAA,-0.4112558633361423
medervi01,Mederos,Victor,LAA,-0.4136124140746983
plesaza01,Plesac,Zach,LAA,-0.4556279316680712
goodrni01,Goodrum,Niko,LAA,-0.4915364858837228
aldegsa01,Aldegheri,Sam,LAA,-0.5019302593070772
moorema02,Moore,Matt,LAA,-0.5046125025519531
danieda01,Daniel,Davis,LAA,-0.5711706050498465
cimbead01,Cimber,Adam,LAA,-0.593356639215811
sandopa02,Sandoval,Patrick,LAA,-0.6220854352408054
danaca01,Dana,Caden,LAA,-0.6451240522697279
cisnejo01,Cisnero,Jose,LAA,-0.6587364663444262
teodobr01,Teodosio,Bryce,LAA,-0.8079963429767455
suarejo01,Suarez,Jose,LAA,-0.9898218131079768
stefami01,Stefanic,Michael,LAA,-1.0569012067870098
cannigr01,Canning,Griffin,LAA,-1.2818995780293525
hiurake01,Hiura,Keston,LAA,-1.292991771697677
rendoan01,Rendon,Anthony,LAA,-1.4937074043138654
parisky01,Paris,Kyren,LAA,-1.528845069485642
detmere01,Detmers,Reid,LAA,-2.0104032804731853
hicksaa01,Hicks,Aaron,LAA,-2.039598917740604
drurybr01,Drury,Brandon,LAA,-7.894505673917751
ohtansh01,Ohtani,Shohei,LAN,45.94947972104601
freemfr01,Freeman,Freddie,LAN,22.796140311195156
hernate01,Hernandez,Teoscar,LAN,21.949093130353667
bettsmo01,Betts,Mookie,LAN,19.16815725199994
smithwi05,Smith,Will,LAN,11.785118166006583
muncyma01,Muncy,Max,LAN,10.393258068689104
rojasmi02,Rojas,Miguel,LAN,6.695911599222181
pagesan01,Pages,Andy,LAN,6.419446528313538
luxga01,Lux,Gavin,LAN,6.389168156031251
rosaram01,Rosario,Amed,LAN,5.445917140116249
hernaen02,Hernandez,Enrique,LAN,2.2663195052373943
edmanto01,Edman,Tommy,LAN,2.199305619852251
stonega01,Stone,Gavin,LAN,2.035573354659501
heywaja01,Heyward,Jason,LAN,1.9754222711991996
flaheja01,Flaherty,Jack,LAN,1.9277517185060344
glasnty01,Glasnow,Tyler,LAN,1.8954880963732053
vesiaal01,Vesia,Alex,LAN,1.6619455999459394
yamamyo01,Yamamoto,Yoshinobu,LAN,1.632790512489466
vargami01,Vargas,Miguel,LAN,1.433780248699631
treinbl01,Treinen,Blake,LAN,1.4058913768463897
kopecmi01,Kopech,Michael,LAN,0.9887441366638576
yarbrry01,Yarbrough,Ryan,LAN,0.9825270673111474
knackla01,Knack,Landon,LAN,0.9051393929085908
hudsoda01,Hudson,Daniel,LAN,0.8829533587426261
bandaan01,Banda,Anthony,LAN,0.766984393929372
honeybr01,Honeywell,Brent,LAN,0.7436200843941299
ryanri01,Ryan,River,LAN,0.6918526713402127
barneau01,Barnes,Austin,LAN,0.5257135984651015
salazed01,Salazar,Eduardo,LAN,0.4677363778671711
trammta01,Trammell,Taylor,LAN,0.415333942837209
feduchu01,Feduccia,Hunter,LAN,0.3073375998604635
brasiry01,Brasier,Ryan,LAN,0.3035348261078339
paxtoja01,Paxton,James,LAN,0.2969920642488029
biggica01,Biggio,Cavan,LAN,0.2434733924991944
gratebr01,Graterol,Brusdar,LAN,0.1937829306472898
varlagu01,Varland,Gus,LAN,0.1918526713402127
hurtky01,Hurt,Kyle,LAN,0.1579844824066271
caspabe01,Casparius,Ben,LAN,0.1474806030082839
hernael01,Hernandez,Elieser,LAN,0.1221860341659644
vanasri01,Vanasco,Ricky,LAN,0.1073953447219881
henried01,Henriquez,Edgardo,LAN,0.0789922412033135
crismna01,Crismatt,Nabil,LAN,0.0758837065269584
lametdi01,Lamet,Dinelson,LAN,0.0326899135643076
phillev01,Phillips,Evan,LAN,-0.0645272442656577
ramiryo01,Ramirez,Yohan,LAN,-0.0778139658340355
petermi01,Petersen,Michael,LAN,-0.0957131899543669
brogdco01,Brogdon,Connor,LAN,-0.1463023276390059
kellyjo05,Kelly,Joe,LAN,-0.1816744844481898
kershcl01,Kershaw,Clayton,LAN,-0.289069829170178
logueza01,Logue,Zach,LAN,-0.2926046552780119
ahmedni01,Ahmed,Nick,LAN,-0.3463312000697682
grovemi01,Grove,Michael,LAN,-0.3614187095893025
ramirni01,Ramirez,Nick,LAN,-0.3840310351867457
feyerjo01,Feyereisen,J. P.,LAN,-0.4093256040290652
wroblju01,Wrobleski,Justin,LAN,-0.448984570883882
kiermke01,Kiermaier,Kevin,LAN,-0.4797325178092299
tayloch03,Taylor,Chris,LAN,-0.6293384813151253
buehlwa01,Buehler,Walker,LAN,-1.1547753488051138
outmaja01,Outman,James,LAN,-2.2098348116388697
millebo05,Miller,Bobby,LAN,-2.292930347784332
burgeja01,Burger,Jake,MIA,12.57394280651222
arraelu01,Arraez,Luis,MIA,10.082926051930173
edwarxa01,Edwards,Xavier,MIA,9.261085745777065
sanchje02,Sanchez,Jesus,MIA,9.250600974850569
bridejo01,Bride,Jonah,MIA,8.252657605170779
chishja01,Chisholm,Jazz,MIA,7.381253668549175
delacbr01,De La Cruz,Bryan,MIA,6.189057863948611
belljo02,Bell,Josh,MIA,5.508643303582984
lopezot01,Lopez,Otto,MIA,4.838583788118306
norbyco01,Norby,Connor,MIA,3.510542520498869
riverem01,Rivera,Emmanuel,MIA,3.454948353002108
myersda01,Myers,Dane,MIA,2.590138176367185
coningr01,Conine,Griffin,MIA,2.156140944060684
bethach01,Bethancourt,Christian,MIA,1.7549828926450377
scottta01,Scott,Tanner,MIA,1.452193704485396
pukaj01,Puk,A. J.,MIA,1.0677363778671711
stoweky01,Stowers,Kyle,MIA,1.0086779424883687
hillde01,Hill,Derek,MIA,0.9345485975581348
tinocje01,Tinoco,Jesus,MIA,0.8319379296265087
hoeinbr01,Hoeing,Bryan,MIA,0.7708449125435264
weathry01,Weathers,Ryan,MIA,0.753798271286153
chargjt01,Chargois,J. T.,MIA,0.5949612060165679
bellova01,Bellozo,Valente,MIA,0.5872401687882596
gordoni01,Gordon,Nick,MIA,0.4891863708854809
fauchca01,Faucher,Calvin,MIA,0.3817750833733481
curryxz01,Curry,Xzavion,MIA,0.3665581024978932
bendean01,Bender,Anthony,MIA,0.3459766351326855
brazohu01,Brazoban,Huascar,MIA,0.2467286190704848
mcmiljo01,McMillon,John,MIA,0.2443720683319288
pachecr01,Pache,Cristian,MIA,0.2076669714186045
garciav01,Garcia,Avisail,MIA,0.1480155423488316
villael02,Villalobos,Eli,MIA,0.1326899135643076
venezan01,Veneziano,Anthony,MIA,0.1085736200912661
smithbu03,Smith,Burch,MIA,0.0930309467094907
baumami01,Baumann,Mike,MIA,0.0844573266182244
degeubr01,de Geus,Brett,MIA,0.0789922412033135
wallfo01,Wall,Forrest,MIA,0.0230009142558136
bachala01,Bachar,Lake,MIA,0.001178275369278
andersh01,Anderson,Shaun,MIA,-0.0210077587966864
deverjo01,Devers,Jose,MIA,-0.0693321143255818
gutievl01,Gutierrez,Vladimir,MIA,-0.0852093105560237
petermi01,Petersen,Michael,MIA,-0.0957131899543669
luzarje01,Luzardo,Jesus,MIA,-0.1201551759337282
rogertr01,Rogers,Trevor,MIA,-0.1438451779752921
andrima01,Andriese,Matt,MIA,-0.1778139658340355
maldoan01,Maldonado,Anthony,MIA,-0.1797442251411126
tylerky01,Tyler,Kyle,MIA,-0.1995737085685209
ollerad01,Oller,Adam,MIA,-0.2267985367179175
nardian01,Nardi,Andrew,MIA,-0.233015606070628
bermujo01,Bermúdez,Jonathan,MIA,-0.2420155175933728
mccauda01,McCaughan,Darren,MIA,-0.2778139658340356
cronide01,Cronin,Declan,MIA,-0.3232637106100841
henslda01,Hensley,David,MIA,-0.3883049283835646
garrebr01,Garrett,Braxton,MIA,-0.4131861226432193
sanojja01,Sanoja,Javier,MIA,-0.4311318860730936
brujavi01,Brujan,Vidal,MIA,-0.4510673125739203
emanuke01,Emanuel,Kent,MIA,-0.4513411216224381
chiriyo01,Chirinos,Yonny,MIA,-0.4890698291701779
ramirem01,Ramirez,Emmanuel,MIA,-0.5902481045394558
graytr01,Gray,Tristan,MIA,-0.6302784002392053
soriage01,Soriano,George,MIA,-0.7248682774108409
meyerma01,Meyer,Max,MIA,-0.739232675423338
peredjh01,Pereda,Jhonny,MIA,-0.7908065345201021
kitchau01,Kitchen,Austin,MIA,-0.8241162934730415
cabreed02,Cabrera,Edward,MIA,-0.8271242292242388
sanchsi01,Sanchez,Sixto,MIA,-0.984783019124545
forteni01,Fortes,Nick,MIA,-1.8806879201522524
munozro01,Muñoz,Roddery,MIA,-2.160992418157823
sanchal04,Sanchez,Ali,MIA,-2.88854400089702
anderti01,Anderson,Tim,MIA,-5.514439375295792
contrwi02,Contreras,William,MIL,21.921755946173658
adamewi01,Adames,Willy,MIL,18.38372879501632
chourja01,Chourio,Jackson,MIL,15.048007651441807
yelicch01,Yelich,Christian,MIL,13.79865094291211
ortizjo06,Ortiz,Joey,MIL,8.451639662469296
hoskirh01,Hoskins,Rhys,MIL,8.193701861873105
mitchga01,Mitchell,Garrett,MIL,6.532679899828167
turanbr02,Turang,Brice,MIL,4.535427427767374
sanchga02,Sanchez,Gary,MIL,3.5038948543521315
frelisa01,Frelick,Sal,MIL,3.038421324150502
bauerja01,Bauers,Jake,MIL,2.399682005579163
myersto01,Myers,Tobias,MIL,2.2102787858171817
hudsobr01,Hudson,Bryan,MIL,2.147154910501964
haaseer01,Haase,Eric,MIL,2.110839209701896
perkibl01,Perkins,Blake,MIL,2.0641496687814227
peralfr01,Peralta,Freddy,MIL,1.925495766692636
koenija01,Koenig,Jared,MIL,1.1292556863816323
junisja01,Junis,Jakob,MIL,0.901604566800757
megiltr01,Megill,Trevor,MIL,0.8879921527260587
civalaa01,Civale,Aaron,MIL,0.8736277547135612
payamjo01,Payamps,Joel,MIL,0.8681626692986502
willide03,Williams,Devin,MIL,0.8634495678215381
wilsobr02,Wilson,Bryse,MIL,0.7203563737840462
pareden01,Paredes,Enoli,MIL,0.7097518954605441
reaco01,Rea,Colin,MIL,0.7033097325266715
gassero01,Gasser,Robert,MIL,0.6035348261078339
pegueel01,Peguero,Elvis,MIL,0.5564805145310292
rossjo01,Ross,Joe,MIL,0.4736277547135609
hergeke01,Herget,Kevin,MIL,0.4085736200912661
zastrro01,Zastryzny,Rob,MIL,0.3116821547676212
vieirth01,Vieira,Thyago,MIL,0.2412635336555736
bukaujb01,Bukauskas,J. B.,MIL,0.2221860341659644
ashbyaa01,Ashby,Aaron,MIL,0.2214340502281651
jayty01,Jay,Tyler,MIL,0.1610930170829822
hernael01,Hernandez,Elieser,MIL,0.1221860341659644
wiemejo01,Wiemer,Joey,MIL,0.0576669714186045
blalobr01,Blalock,Bradley,MIL,0.053697672360994
meekeja01,Meeker,James,MIL,0.053697672360994
whitemi03,White,Mitch,MIL,-0.0630232763900593
rollech01,Roller,Chris,MIL,-0.0923330285813954
keuchda01,Keuchel,Dallas,MIL,-0.105038793983432
mileywa01,Miley,Wade,MIL,-0.1241162934730415
junkja01,Junk,Janson,MIL,-0.1704186211120474
montafr01,Montas,Frankie,MIL,-0.2213334513030066
dunnol01,Dunn,Oliver,MIL,-0.2813545754626799
halldl01,Hall,DL,MIL,-0.291000088477255
milneho01,Milner,Hoby,MIL,-0.3275505206557167
uribeab01,Uribe,Abner,MIL,-0.3303333628257516
mearsni01,Mears,Nick,MIL,-0.3377287075477398
capravi01,Capra,Vinny,MIL,-0.3809972572325591
rodrica02,Rodriguez,Carlos,MIL,-0.4377287075477397
hicklbr01,Hicklen,Brewer,MIL,-0.4616651429069772
blackty01,Black,Tyler,MIL,-0.4691050781191334
colliis01,Collins,Isaac,MIL,-0.819033425399455
monasan01,Monasterio,Andruw,MIL,-0.8676900585581535
milleow01,Miller,Owen,MIL,-1.135596426975689
correca01,Correa,Carlos,MIN,15.90266326334719
buxtoby01,Buxton,Byron,MIN,14.168306037179123
santaca01,Santana,Carlos,MIN,11.85696413205609
wallnma01,Wallner,Matt,MIN,10.987449164009844
castrwi01,Castro,Willi,MIN,9.674929894156172
miranjo01,Miranda,Jose,MIN,9.4929960752397
larnatr01,Larnach,Trevor,MIN,9.344957581526325
jeffery01,Jeffers,Ryan,MIN,8.077377650853865
lewisro02,Lewis,Royce,MIN,6.429436943923188
keplema01,Kepler,Max,MIN,3.9634111463437383
martiau01,Martin,Austin,MIN,2.0664511023020977
jaxgr01,Jax,Griffin,MIN,1.912534737630579
oberba01,Ober,Bailey,MIN,1.4939841284976068
ryanjo04,Ryan,Joe,MIN,1.3491857687341997
farmeky01,Farmer,Kyle,MIN,1.0518256797230228
kirilal01,Kirilloff,Alex,MIN,1.0081171389267036
lopezpa01,Lopez,Pablo,MIN,0.9519686109042343
woodssi01,Woods Richardson,Simeon,MIN,0.8775888722528737
alcaljo01,Alcala,Jorge,MIN,0.8323642210579875
sandsco01,Sands,Cole,MIN,0.8304339617509102
blewesc01,Blewett,Scott,MIN,0.5918526713402127
margoma01,Margot,Manuel,MIN,0.5349613680198988
castidi02,Castillo,Diego,MIN,0.4613357713488364
tonkimi01,Tonkin,Michael,MIN,0.4070696522156677
helmami01,Helman,Michael,MIN,0.2766697141860456
bowmama01,Bowman,Matthew,MIN,0.2412635336555736
henriro01,Henriquez,Ronny,MIN,0.2381549989792185
castidi01,Castillo,Diego,MIN,0.2369767236099406
topaju01,Topa,Justin,MIN,0.1252945688423195
duartda01,Duarte,Daniel,MIN,0.1147906894439762
staumjo01,Staumont,Josh,MIN,0.106643360784189
richatr01,Richards,Trevor,MIN,0.0980697406929228
windejo01,Winder,Josh,MIN,0.0832790512489466
headrbr01,Headrick,Brent,MIN,0.0610930170829822
boushca01,Boushley,Caleb,MIN,0.0147906894439762
julieed01,Julien,Edouard,MIN,0.0051268180526021
keirsda01,Keirsey,DaShawn,MIN,-0.0349700924472287
stewabr01,Stewart,Brock,MIN,-0.0587364663444262
dobnara01,Dobnak,Randy,MIN,-0.0809225005103906
duranjh01,Duran,Jhoan,MIN,-0.0824264683859887
festada01,Festa,David,MIN,-0.1454497447760482
paddach01,Paddack,Chris,MIN,-0.2567056081121907
okertst01,Okert,Steven,MIN,-0.3026822432448762
irvinco01,Irvin,Cole,MIN,-0.303108534676355
camarja01,Camargo,Jair,MIN,-0.4963312000697681
fundeko01,Funderburk,Kody,MIN,-0.7384806914855393
thielca01,Thielbar,Caleb,MIN,-0.7583101749129472
leebr02,Lee,Brooks,MIN,-0.8580637759302501
jacksja01,Jackson,Jay,MIN,-0.9859612944938232
matthze01,Matthews,Zebby,MIN,-1.0773876744025566
varlalo01,Varland,Louie,MIN,-1.733015606070628
vazquch01,Vazquez,Christian,MIN,-1.8895653908448389
ohtansh01,Ohtani,Shohei,NLS,45.94947972104601
ozunama01,Ozuna,Marcell,NLS,31.853595503195187
marteke01,Marte,Ketel,NLS,27.650201479903597
harpebr03,Harper,Bryce,NLS,26.73564653917541
freemfr01,Freeman,Freddie,NLS,22.796140311195156
profaju01,Profar,Jurickson,NLS,22.252616944151825
hernate01,Hernandez,Teoscar,NLS,21.949093130353667
contrwi02,Contreras,William,NLS,21.921755946173658
delacel01,De La Cruz,Elly,NLS,20.18883932956011
merrija01,Merrill,Jackson,NLS,18.59084616555808
reynobr01,Reynolds,Bryan,NLS,18.19847026669041
alonspe01,Alonso,Pete,NLS,18.01694974119332
turnetr01,Turner,Trea,NLS,15.475962941162496
bohmal01,Bohm,Alec,NLS,14.88788143057688
yelicch01,Yelich,Christian,NLS,13.79865094291211
ramoshe02,Ramos,Heliot,NLS,13.69959645799506
abramcj01,Abrams,CJ,NLS,11.850640950122918
smithwi05,Smith,Will,NLS,11.785118166006583
mcmahry01,McMahon,Ryan,NLS,10.253672145972244
lopezre01,Lopez,Reynaldo,NLS,4.084984216974862
skenepa01,Skenes,Paul,NLS,4.041790424012211
greenhu01,Greene,Hunter,NLS,3.3725500782694424
imanash01,Imanaga,Shota,NLS,2.707596542572306
webblo01,Webb,Logan,NLS,2.6901236098834524
friedma01,Fried,Max,NLS,2.2612942149333
sanchcr01,Sanchez,Cristopher,NLS,2.155077145580589
strahma01,Strahm,Matt,NLS,1.9650541346222947
hoffmje02,Hoffman,Jeff,NLS,1.5619455999459395
scottta01,Scott,Tanner,NLS,1.452193704485396
suarero01,Suarez,Robert,NLS,1.3903487034646145
judgeaa01,Judge,Aaron,NYA,57.33692920781569
sotoju01,Soto,Juan,NYA,39.91863395479838
stantmi03,Stanton,Giancarlo,NYA,10.860506787614309
torregl01,Torres,Gleyber,NYA,9.244616019870415
chishja01,Chisholm,Jazz,NYA,7.381253668549175
wellsau01,Wells,Austin,NYA,6.316459195883673
volpean01,Volpe,Anthony,NYA,4.2864654700858
verdual01,Verdugo,Alex,NYA,2.899790907400644
cabreos01,Cabrera,Oswaldo,NYA,2.219054819935493
gillu01,Gil,Luis,NYA,2.144146974750767
cortene01,Cortes,Nestor,NYA,1.9612942149333
grishtr01,Grisham,Trent,NYA,1.8560574970589636
weavelu01,Weaver,Luke,NYA,1.7106044783235017
schmicl01,Schmidt,Clarke,NYA,1.482201374804827
colege01,Cole,Gerrit,NYA,1.3012788742944363
rodonca01,Rodon,Carlos,NYA,1.2970926631739623
rizzoan01,Rizzo,Anthony,NYA,1.1863902463683975
davisjd01,Davis,J. D.,NYA,1.093577726877467
hillti01,Hill,Tim,NYA,1.062697583883739
santade01,Santana,Dennis,NYA,0.9805968080040705
trevijo01,Trevino,Jose,NYA,0.7184408335822056
kahnlto01,Kahnle,Tommy,NYA,0.6911006874024135
cousija01,Cousins,Jake,NYA,0.6405115497177747
poteeco01,Poteet,Cody,NYA,0.606643360784189
bertijo01,Berti,Jon,NYA,0.4937798226490405
holmecl01,Holmes,Clay,NYA,0.4829533587426261
jonesja08,Jones,Jahmai,NYA,0.4812521138272375
trammta01,Trammell,Taylor,NYA,0.415333942837209
tonkimi01,Tonkin,Michael,NYA,0.4070696522156677
hamilia01,Hamilton,Ian,NYA,0.3226123255974433
burdini01,Burdi,Nick,NYA,0.3190774994896093
perazos02,Peraza,Oswald,NYA,0.2593366856046499
delosen01,De Los Santos,Enyel,NYA,0.2307596542572304
loaisjo01,Loaisiga,Jonathan,NYA,0.2147906894439763
ellisdu01,Ellis,Duke,NYA,0.2076669714186045
stromma01,Stroman,Marcus,NYA,0.2052399918337484
maciejo01,Maciejewski,Josh,NYA,0.1758837065269584
marinro01,Marinaccio,Ron,NYA,0.1529456884231949
ferguca01,Ferguson,Caleb,NYA,0.1276511195808755
gomezyo01,Gómez,Yoendrys,NYA,0.1085736200912661
misiean01,Misiewicz,Anthony,NYA,0.053697672360994
gonzavi02,Gonzalez,Victor,NYA,0.0529456884231948
dominja01,Domínguez,Jasson,NYA,0.014579942189362
beetecl01,Beeter,Clayton,NYA,-0.003108534676355
effrosc01,Effross,Scott,NYA,-0.0210077587966864
mayzati01,Mayza,Tim,NYA,-0.0334418975021067
leitema02,Leiter,Mark,NYA,-0.0489845708838819
ricebe01,Rice,Ben,NYA,-0.0754106664357594
andrecl02,Andrews,Clayton,NYA,-0.0821007758796686
narvaca01,Narváez,Carlos,NYA,-0.1157646594901626
bickfph01,Bickford,Phil,NYA,-0.452519396991716
warrewi01,Warren,Will,NYA,-1.482852759817468
smithke05,Smith,Kevin,NYA,-1.861645262605148
lemahdj01,LeMahieu,DJ,NYA,-3.0006422640961707
lindofr01,Lindor,Francisco,NYN,23.607543307418545
alonspe01,Alonso,Pete,NYN,18.01694974119332
vientma01,Vientos,Mark,NYN,15.102596791600954
nimmobr01,Nimmo,Brandon,NYN,11.043534800096982
winkeje01,Winker,Jesse,NYN,10.037591081956776
iglesjo01,Iglesias,Jose,NYN,9.342755349480592
martijd02,Martinez,J. D.,NYN,8.08176407252562
martest01,Marte,Starling,NYN,5.476465077792044
mcneije01,McNeil,Jeff,NYN,5.421402972125007
alvarfr01,Alvarez,Francisco,NYN,4.825350978409512
tayloty01,Taylor,Tyrone,NYN,4.3921403623573285
baderha01,Bader,Harrison,NYN,2.7094217338107787
manaese01,Manaea,Sean,NYN,2.255077145580589
acunalu01,Acuña,Luisangel,NYN,2.102832702898029
peterda01,Peterson,David,NYN,2.097418355680282
buttojo01,Butto,Jose,NYN,1.8736277547135607
quintjo01,Quintana,Jose,NYN,1.846503525489324
gamelbe01,Gamel,Ben,NYN,1.2764348209871623
severlu01,Severino,Luis,NYN,1.1729763697009206
torrelu01,Torrens,Luis,NYN,0.9857919492168876
lopezjo02,Lopez,Jorge,NYN,0.8319379296265087
nunezde01,Núñez,Dedniel,NYN,0.7794185326347923
matonph01,Maton,Phil,NYN,0.7393332743484967
sulseco01,Sulser,Cole,NYN,0.6264728442115974
diazed04,Diaz,Edwin,NYN,0.5817750833733484
batybr01,Baty,Brett,NYN,0.4367184744961051
tonkimi01,Tonkin,Michael,NYN,0.4070696522156677
raleybr01,Raley,Brooks,NYN,0.3758837065269585
megilty01,Megill,Tylor,NYN,0.2884184441575373
garrere01,Garrett,Reed,NYN,0.2786665486969935
smithdr01,Smith,Drew,NYN,0.2486588783775619
brazohu01,Brazoban,Huascar,NYN,0.2467286190704848
blackpa01,Blackburn,Paul,NYN,0.2385812904106973
youngal01,Young,Alex,NYN,0.2338681889335855
stewadj01,Stewart,DJ,NYN,0.1937215691333317
reidfse01,Reid-Foley,Sean,NYN,0.1634495678215383
jayty01,Jay,Tyler,NYN,0.1610930170829822
scottch01,Scott,Christian,NYN,0.1416898250870525
ottavad01,Ottavino,Adam,NYN,0.1070696522156679
nidoto01,Nido,Tomas,NYN,0.0957778221865965
sengako01,Senga,Kodai,NYN,0.0863875859253016
stanery01,Stanek,Ryne,NYN,-0.0057907779212311
walkejo03,Walker,Josh,NYN,-0.0377287075477397
lucchjo01,Lucchesi,Joey,NYN,-0.0451240522697279
ramiryo01,Ramirez,Yohan,NYN,-0.0778139658340355
festama01,Festa,Matt,NYN,-0.0828527598174676
youngda02,Young,Danny,NYN,-0.1773876744025569
hartwgr01,Hartwig,Grant,NYN,-0.2420155175933728
teherju01,Teheran,Julio,NYN,-0.2568062070373491
orzeer01,Orze,Eric,NYN,-0.3105038793983431
shortza01,Short,Zack,NYN,-0.3823299810620167
adcocty01,Adcock,Ty,NYN,-0.4673100864356924
hudsojo03,Hudson,Joe,NYN,-0.5717871966488615
alvared01,Alvarez,Eddy,NYN,-0.6619656420343559
wendljo01,Wendle,Joey,NYN,-0.6788220575116317
diekmja01,Diekman,Jake,NYN,-0.6816744844481898
housead01,Houser,Adrian,NYN,-1.0769613829710778
reyespa01,Reyes,Pablo,NYN,-1.5256161568483149
narvaom01,Narvaez,Omar,NYN,-2.445569020457968
rookebr01,Rooker,Brent,OAK,28.692685286188027
bledajj01,Bleday,JJ,OAK,14.038130077926914
butlela01,Butler,Lawrence,OAK,12.976007993285805
langesh01,Langeliers,Shea,OAK,9.855780994796236
soderty01,Soderstrom,Tyler,OAK,4.075922055019907
andujmi01,Andujar,Miguel,OAK,3.908346663991805
brownse01,Brown,Seth,OAK,2.7587240513127838
mccanky01,McCann,Kyle,OAK,1.750857369863769
toroab01,Toro,Abraham,OAK,1.488500033356798
gelofza01,Gelof,Zack,OAK,1.3741523712379715
millema03,Miller,Mason,OAK,1.1903487034646147
davisjd01,Davis,J. D.,OAK,1.093577726877467
harriho02,Harris,Hogan,OAK,0.9841316341119044
bidoos01,Bido,Osvaldo,OAK,0.900852582862958
alexasc01,Alexander,Scott,OAK,0.6763099979584373
kellymi03,Kelly,Michael,OAK,0.5825270673111475
ferguty01,Ferguson,Tyler,OAK,0.4564805145310292
erceglu01,Erceg,Lucas,OAK,0.4424418090248516
searsjp01,Sears,JP,OAK,0.4013794732195953
ruizes01,Ruiz,Esteury,OAK,0.3412010175539039
otanemi01,Otañez,Michel,OAK,0.3257208602737983
mcfartj01,McFarland,T. J.,OAK,0.2428681004563304
blackpa01,Blackburn,Paul,OAK,0.2385812904106973
nittovi01,Nittoli,Vinny,OAK,0.2295813788879525
spencmi01,Spence,Mitch,OAK,0.2262477506304366
ginnjt01,Ginn,J. T.,OAK,0.2257208602737983
adamsau02,Adams,Austin,OAK,0.2195037909210883
schuema01,Schuemann,Max,OAK,0.21110805434949
wilsoja04,Wilson,Jacob,OAK,0.2048571716541861
bassobr01,Basso,Brady,OAK,0.1992480160622007
mulleky01,Muller,Kyle,OAK,0.1490851698090409
nevinty01,Nevin,Tyler,OAK,0.1179486666169593
bielabr01,Bielak,Brandon,OAK,0.0622712924522602
holmagr01,Holman,Grant,OAK,0.0412635336555736
olougja01,O'Loughlin,Jack,OAK,0.0190774994896092
lucasea01,Lucas,Easton,OAK,-0.0210077587966864
reyesge01,Reyes,Gerardo,OAK,-0.0852093105560237
kleinwi01,Klein,Will,OAK,-0.0957131899543669
newcose01,Newcomb,Sean,OAK,-0.1630232763900592
junkja01,Junk,Janson,OAK,-0.1704186211120474
medinlu02,Medina,Luis,OAK,-0.2520931055602373
diazal02,Diaz,Aledmys,OAK,-0.3693321143255818
alvarar01,Alvarez,Armando,OAK,-0.3699070335933417
jimenda02,Jimenez,Dany,OAK,-0.4217597427344856
estesjo01,Estes,Joey,OAK,-0.4445971619130902
brookaa01,Brooks,Aaron,OAK,-0.4680620703734914
woodal02,Wood,Alex,OAK,-0.5878915538009
graytr01,Gray,Tristan,OAK,-0.6302784002392053
camerda01,Cameron,Daz,OAK,-0.7833550808454393
boylejo01,Boyle,Joe,OAK,-0.9404109507926162
harribr02,Harris,Brett,OAK,-1.4205547485213488
stripro01,Stripling,Ross,OAK,-1.9177986251951729
hernada04,Hernaiz,Darell,OAK,-2.265125829906991
allenni02,Allen,Nick,OAK,-2.332401904993058
nodary01,Noda,Ryan,OAK,-2.4829489334271853
harpebr03,Harper,Bryce,PHI,26.73564653917541
schwaky01,Schwarber,Kyle,PHI,24.41575364575812
turnetr01,Turner,Trea,PHI,15.475962941162496
bohmal01,Bohm,Alec,PHI,14.88788143057688
casteni01,Castellanos,Nick,PHI,12.476544065850495
marshbr02,Marsh,Brandon,PHI,9.371356878382617
realmjt01,Realmuto,J. T.,PHI,8.389748669567883
sosaed01,Sosa,Edmundo,PHI,4.840235502968871
stottbr01,Stott,Bryson,PHI,4.746220126663508
wheelza01,Wheeler,Zack,PHI,4.539534472198814
wilsowe01,Wilson,Weston,PHI,3.2880154168387863
haysau01,Hays,Austin,PHI,2.491059396263943
nolaaa01,Nola,Aaron,PHI,2.303736023958152
marchra01,Marchan,Rafael,PHI,2.301095192729133
sanchcr01,Sanchez,Cristopher,PHI,2.155077145580589
strahma01,Strahm,Matt,PHI,1.9650541346222947
suarera01,Suarez,Ranger,PHI,1.7904493023897723
merriwh01,Merrifield,Whit,PHI,1.61904571771616
clemeko01,Clemens,Kody,PHI,1.5763658215409082
hoffmje02,Hoffman,Jeff,PHI,1.5619455999459395
kerkeor01,Kerkering,Orion,PHI,1.3829533587426264
turnbsp01,Turnbull,Spencer,PHI,1.2175735316140113
estevca01,Estevez,Carlos,PHI,0.8257208602737984
ruizjo01,Ruiz,Jose,PHI,0.4385812904106976
steveca01,Stevenson,Cal,PHI,0.3757582283023223
kennebu01,Kennedy,Buddy,PHI,0.3746706284418592
alvarjo03,Alvarado,Jose,PHI,0.3113564622613005
dominse01,Dominguez,Seranthony,PHI,0.2171472401825323
dahlda01,Dahl,David,PHI,0.2132832624362405
pachecr01,Pache,Cristian,PHI,0.2076669714186045
banksta01,Banks,Tanner,PHI,0.206643360784189
gilbety01,Gilbert,Tyler,PHI,0.1474806030082839
lazarma01,Lazar,Max,PHI,0.0338681889335855
sotogr01,Soto,Gregory,PHI,-0.002682243244876
nelsoni01,Nelson,Nick,PHI,-0.0136124140746982
allarko01,Allard,Kolby,PHI,-0.0501628462531601
brogdco01,Brogdon,Connor,PHI,-0.1463023276390059
ortizlu02,Ortiz,Luis,PHI,-0.1642015517593373
garciar01,Garcia,Aramis,PHI,-0.6463312000697681
rojasjo03,Rojas,Johan,PHI,-0.7558878682888752
johnsse01,Johnson,Seth,PHI,-0.7747054311576806
marteyu01,Marte,Yunior,PHI,-0.8038605186141542
pintori01,Pinto,Ricardo,PHI,-0.8272248281493966
phillty01,Phillips,Tyler,PHI,-0.8310853467635508
mercami01,Mercado,Michael,PHI,-0.901930259307077
stubbga01,Stubbs,Garrett,PHI,-2.0939087242565555
walketa01,Walker,Taijuan,PHI,-2.30729474579683
reynobr01,Reynolds,Bryan,PIT,18.19847026669041
cruzon01,Cruz,Oneil,PIT,14.150279280853177
mccutan01,McCutchen,Andrew,PIT,9.52616885200991
bartjo01,Bart,Joey,PIT,7.773746019097862
delacbr01,De La Cruz,Bryan,PIT,6.189057863948611
kineris01,Kiner-Falefa,Isiah,PIT,5.962548807654361
gonzani01,Gonzales,Nick,PIT,5.42268216535294
tellero01,Tellez,Rowdy,PIT,4.70336473930744
joeco01,Joe,Connor,PIT,4.510888681568061
skenepa01,Skenes,Paul,PIT,4.041790424012211
grandya01,Grandal,Yasmani,PIT,3.1900731404650884
ortizlu03,Ortiz,Luis,PIT,1.6849842169748617
santade01,Santana,Dennis,PIT,0.9805968080040705
perezma02,Perez,Martin,PIT,0.7922789627716915
honeybr01,Honeywell,Brent,PIT,0.7436200843941299
palacjo01,Palacios,Josh,PIT,0.714441681098916
kellemi03,Keller,Mitch,PIT,0.5581856802569447
jonesja09,Jones,Jared,PIT,0.5332168039209451
mlodzca01,Mlodzinski,Carmen,PIT,0.5206820662903662
holdeco01,Holderman,Colin,PIT,0.4564805145310292
wentzjo01,Wentz,Joey,PIT,0.4443720683319288
falteba01,Falter,Bailey,PIT,0.4429686993814897
cookbi01,Cook,Billy,PIT,0.4256815995116224
strathu01,Stratton,Hunter,PIT,0.3226123255974433
delayja01,Delay,Jason,PIT,0.318005485534882
yorkeni01,Yorke,Nick,PIT,0.3057965833651747
olivaed02,Olivares,Edward,PIT,0.2527263980464897
chapmar01,Chapman,Aroldis,PIT,0.2113564622613006
priesqu01,Priester,Quinn,PIT,0.1684883618049703
gonzama02,Gonzales,Marco,PIT,0.1078216361534668
hernajo03,Hernandez,Jose,PIT,0.0863875859253016
contrro01,Contreras,Roansy,PIT,0.0770619818962363
mattsis01,Mattson,Isaac,PIT,-0.0136124140746982
burromi01,Burrows,Mike,PIT,-0.0210077587966864
nicolky01,Nicolas,Kyle,PIT,-0.0645272442656577
flemijo01,Fleming,Josh,PIT,-0.1174729326888525
jeffeda01,Jefferies,Daulton,PIT,-0.1630232763900592
pegueli01,Peguero,Liover,PIT,-0.1733302858139545
beeksja01,Beeks,Jalen,PIT,-0.1902481045394559
ryanry01,Ryan,Ryder,PIT,-0.2902481045394559
bruihju01,Bruihl,Justin,PIT,-0.2957131899543669
triolja01,Triolo,Jared,PIT,-0.325708412276991
mckinbi01,McKinney,Billy,PIT,-0.3773248002790728
borucry01,Borucki,Ryan,PIT,-0.4093256040290652
feiglbr01,Feigl,Brady,PIT,-0.5105038793983432
woodfja01,Woodford,Jake,PIT,-0.552519396991716
kochgr01,Koch,Grant,PIT,-0.5886642286511636
germado01,German,Domingo,PIT,-0.7902481045394557
bednada01,Bednar,David,PIT,-0.9034342271826752
hellebe01,Heller,Ben,PIT,-0.9556279316680713
willial04,Williams,Alika,PIT,-1.022995256079401
suwinja01,Suwinski,Jack,PIT,-1.1250090058740525
baeji01,Bae,Ji Hwan,PIT,-1.8519482880660052
hayeske01,Hayes,Ke'Bryan,PIT,-2.5134683593284937
davishe01,Davis,Henry,PIT,-2.922271122075147
taylomi02,Taylor,Michael,PIT,-3.206227017713875
profaju01,Profar,Jurickson,SDN,22.252616944151825
merrija01,Merrill,Jackson,SDN,18.59084616555808
machama01,Machado,Manny,SDN,17.52117796786255
tatisfe02,Tatis,Fernando,SDN,14.262907350695532
arraelu01,Arraez,Luis,SDN,10.082926051930173
croneja01,Cronenworth,Jake,SDN,9.58578044291977
solando01,Solano,Donovan,SDN,6.695242578242796
kimha01,Kim,Ha-Seong,SDN,5.9167292766032205
peralda01,Peralta,David,SDN,5.238327823074466
bogaexa01,Bogaerts,Xander,SDN,4.999223654664374
higasky01,Higashioka,Kyle,SDN,4.850209926308533
diazel01,Diaz,Elias,SDN,3.812198338094208
kingmi01,King,Mike,SDN,2.225495766692636
ceasedy01,Cease,Dylan,SDN,2.166759300348211
rosareg01,Rosario,Eguy,SDN,1.6670862484984583
scottta01,Scott,Tanner,SDN,1.452193704485396
suarero01,Suarez,Robert,SDN,1.3903487034646145
darviyu01,Darvish,Yu,SDN,1.1853099094811823
campulu01,Campusano,Luis,SDN,1.1837601942349631
adamja01,Adam,Jason,SDN,1.1319379296265086
estraje01,Estrada,Jeremiah,SDN,1.0755580140206382
morejad01,Morejon,Adrian,SDN,1.018751806983289
avilape01,Avila,Pedro,SDN,1.009426202954224
musgrjo01,Musgrove,Joe,SDN,0.9518680119790754
perezma02,Perez,Martin,SDN,0.7922789627716915
hoeinbr01,Hoeing,Bryan,SDN,0.7708449125435264
matsuyu01,Matsui,Yuki,SDN,0.6650541346222949
reynose01,Reynolds,Sean,SDN,0.4906743959709347
jacobal01,Jacob,Alek,SDN,0.3875658612945797
edwarca01,Edwards,Carl,SDN,0.3823243346702676
battema01,Batten,Matthew,SDN,0.3230009142558136
delosen01,De Los Santos,Enyel,SDN,0.2307596542572304
peralwa01,Peralta,Wandy,SDN,0.1584107738381061
britojh01,Brito,Jhony,SDN,0.0447983597634073
sullibr01,Sullivan,Brett,SDN,-0.0134114858837226
lockrbr01,Lockridge,Brandon,SDN,-0.0579963429767454
gillalo01,Gillaspie,Logan,SDN,-0.2914263799087338
vasqura02,Vásquez,Randy,SDN,-0.3376281086225815
ahmedni01,Ahmed,Nick,SDN,-0.3463312000697682
davisau01,Davis,Austin,SDN,-0.4241162934730416
kolekst01,Kolek,Stephen,SDN,-0.4941086231536099
waldrma01,Waldron,Matt,SDN,-0.5243413870542043
mccoyma01,McCoy,Mason,SDN,-0.7523100740075999
paulegr01,Pauley,Graham,SDN,-0.8546569146046548
johnsbr03,Johnson,Bryce,SDN,-0.9633120006976827
mazurad01,Mazur,Adam,SDN,-0.9921783638465332
cosgrto01,Cosgrove,Tom,SDN,-1.1124341387054204
azocajo01,Azocar,Jose,SDN,-1.1670447224995302
wadety01,Wade,Tyler,SDN,-2.075982967964625
raleica01,Raleigh,Cal,SEA,12.47639651242211
raleylu01,Raley,Luke,SEA,11.375242013023902
rodriju01,Rodriguez,Julio,SEA,10.873133902885003
roblevi01,Robles,Victor,SEA,9.432857069428533
arozara01,Arozarena,Randy,SEA,5.925219881637835
turneju01,Turner,Justin,SEA,5.554842792534844
mooredy01,Moore,Dylan,SEA,4.735423945925129
millebr04,Miller,Bryce,SEA,3.4834802490992645
gilbelo01,Gilbert,Logan,SEA,2.9049142993274293
polanjo01,Polanco,Jorge,SEA,2.514154919066541
woobr01,Woo,Bryan,SEA,2.415317579800613
francty01,France,Ty,SEA,2.356770282325544
kirbyge01,Kirby,George,SEA,2.056255420949867
castilu02,Castillo,Luis,SEA,2.022658858712898
rojasjo01,Rojas,Josh,SEA,1.7080434418356762
munozan01,Munoz,Andres,SEA,1.5860618934189818
millety01,Miller,Tyson,SEA,1.4027828421700348
uriaslu01,Urias,Luis,SEA,1.3213381825002362
clasejo01,Clase,Jonatan,SEA,1.2738403426279048
canzodo01,Canzone,Dominic,SEA,1.0342477695547942
snideco01,Snider,Collin,SEA,0.8374030150414195
blissry01,Bliss,Ryan,SEA,0.7361638850265705
garvemi01,Garver,Mitch,SEA,0.7154625601361941
garciyi01,Garcia,Yimi,SEA,0.710930170829822
thorntr01,Thornton,Trent,SEA,0.6841316341119043
crawfjp01,Crawford,J. P.,SEA,0.6524469669335081
chargjt01,Chargois,J. T.,SEA,0.5949612060165679
sauceta01,Saucedo,Tayler,SEA,0.5763099979584372
hanigmi01,Haniger,Mitch,SEA,0.2987868048065644
bowmama01,Bowman,Matthew,SEA,0.2412635336555736
taylotr01,Taylor,Troy,SEA,0.2381549989792185
vothau01,Voth,Austin,SEA,0.1755580140206382
taylosa03,Taylor,Samad,SEA,0.1383348570930228
baumami01,Baumann,Mike,SEA,0.0844573266182244
degeubr01,de Geus,Brett,SEA,0.0789922412033135
sneadki01,Snead,Kirby,SEA,0.054875947730272
stanery01,Stanek,Ryne,SEA,-0.0057907779212311
santogr01,Santos,Gregory,SEA,-0.0062170693527101
bazared01,Bazardo,Eduard,SEA,-0.0143643980124972
marloca01,Marlowe,Cade,SEA,-0.0434972572325592
diazjh01,Diaz,Jhonathan,SEA,-0.0809225005103906
rivasle01,Rivas,Leo,SEA,-0.0965242615946833
boltoco01,Bolton,Cody,SEA,-0.0976434492614439
hernajo02,Hernandez,Jonathan,SEA,-0.1747054311576805
speiega01,Speier,Gabe,SEA,-0.2291550874564737
vosleja01,Vosler,Jason,SEA,-0.4342765717275783
hancoem01,Hancock,Emerson,SEA,-0.4423412100996932
locklty01,Locklear,Tyler,SEA,-0.5876517338217105
zavalse01,Zavala,Seby,SEA,-0.7510641234955321
haggesa01,Haggerty,Sam,SEA,-1.0173284573023271
chapmma01,Chapman,Matt,SFN,16.956704420880623
ramoshe02,Ramos,Heliot,SFN,13.69959645799506
fitzgty01,Fitzgerald,Tyler,SFN,10.887632181655164
confomi01,Conforto,Michael,SFN,10.514769723511892
wadela01,Wade,LaMonte,SFN,8.70666772152037
yastrmi01,Yastrzemski,Mike,SFN,8.629357396351597
solerjo01,Soler,Jorge,SFN,7.842947114996962
canhama01,Canha,Mark,SFN,4.032948224813912
webblo01,Webb,Logan,SFN,2.6901236098834524
schmica01,Schmitt,Casey,SFN,2.445339732919135
walkery01,Walker,Ryan,SFN,2.395813788879525
snellbl01,Snell,Blake,SFN,1.7845579255433832
encarje01,Encarnacion,Jerar,SFN,1.544670483769693
rogerty01,Rogers,Tyler,SFN,1.476736289389916
bailepa01,Bailey,Patrick,SFN,1.4172858500513947
mckenry01,McKenna,Ryan,SFN,1.287752742767441
sabolbl01,Sabol,Blake,SFN,1.028844913906973
rogerta01,Rogers,Taylor,SFN,1.0218603416596443
hillde01,Hill,Derek,SFN,0.9345485975581348
slateau01,Slater,Austin,SFN,0.7056907420697586
hjellse01,Hjelle,Sean,SFN,0.6316122371201885
villada01,Villar,David,SFN,0.6208207996312256
bivensp01,Bivens,Spencer,SFN,0.6132867215683779
leeju01,Lee,Jung Hoo,SFN,0.6068987255188278
rouppla01,Roupp,Landen,SFN,0.6027828421700349
becktr01,Beck,Tristan,SFN,0.5591627577759051
hicksjo03,Hicks,Jordan,SFN,0.488844735589017
warreau01,Warren,Austin,SFN,0.3727751718506034
milleer01,Miller,Erik,SFN,0.315643272306934
wiselbr01,Wisely,Brett,SFN,0.3022251401660842
harriky01,Harrison,Kyle,SFN,0.1764105968835955
mcdontr01,McDonald,Trevor,SFN,0.1610930170829822
baumami01,Baumann,Mike,SFN,0.0844573266182244
rayro02,Ray,Robbie,SFN,0.0467286190704849
mccragr01,McCray,Grant,SFN,0.0378353166766558
reetzja01,Reetz,Jakson,SFN,0.0292902855647824
birdsha01,Birdsong,Hayden,SFN,-0.033767590008427
burgora01,Burgos,Raymond,SFN,-0.0463023276390059
whitemi03,White,Mitch,SFN,-0.0630232763900593
rodrira02,Rodríguez,Randy,SFN,-0.0898218131079768
jackslu01,Jackson,Luke,SFN,-0.1334418975021067
jeffeda01,Jefferies,Daulton,SFN,-0.1630232763900592
knappan01,Knapp,Andrew,SFN,-0.2539981714883727
howarsp01,Howard,Spencer,SFN,-0.3112558633361423
dovalca01,Doval,Camilo,SFN,-0.3318373307013498
waltodo01,Walton,Donovan,SFN,-0.3319007694466197
ahmedni01,Ahmed,Nick,SFN,-0.3463312000697682
avilani01,Avila,Nick,SFN,-0.5735271557884025
tengka01,Teng,Kai-Wei,SFN,-0.6093256040290653
blackma01,Black,Mason,SFN,-0.6489845708838817
luciama01,Luciano,Marco,SFN,-0.6520016308825058
matoslu02,Matos,Luis,SFN,-0.7419524586976898
florewi01,Flores,Wilmer,SFN,-0.760013477445364
murphto04,Murphy,Tom,SFN,-0.9674786155047922
brooktr01,Brooks,Trenton,SFN,-1.1056578288604682
casalcu01,Casali,Curt,SFN,-1.3444625155116403
winnke01,Winn,Keaton,SFN,-1.4287287960249944
estrath01,Estrada,Thairo,SFN,-1.4531970763248576
donovbr01,Donovan,Brendan,SLN,14.06828614857582
contrwi01,Contreras,Willson,SLN,12.499925269521553
winnma01,Winn,Masyn,SLN,10.84135391687398
burleal01,Burleson,Alec,SLN,10.57705548932029
arenano01,Arenado,Nolan,SLN,9.874354689083864
goldspa01,Goldschmidt,Paul,SLN,9.750810220089615
nootbla01,Nootbaar,Lars,SLN,8.647456453116238
herreiv01,Herrera,Ivan,SLN,7.139650678401717
phamth01,Pham,Tommy,SLN,4.2093783342037785
gormano01,Gorman,Nolan,SLN,3.35212251027903
feddeer01,Fedde,Erick,SLN,2.233216803920945
helslry01,Helsley,Ryan,SLN,1.6619455999459394
carpema01,Carpenter,Matt,SLN,1.6569964464117977
pagespe01,Pagés,Pedro,SLN,1.3602674513025328
kittran01,Kittredge,Andrew,SLN,1.194635513510248
grayso01,Gray,Sonny,SLN,1.031712836045347
pallaan01,Pallante,Andre,SLN,1.0153175798006138
kingjo01,King,John,SLN,0.921860341659644
romerjo01,Romero,JoJo,SLN,0.8681626692986502
mcgremi01,McGreevy,Michael,SLN,0.7350464643028636
fernary01,Fernandez,Ryan,SLN,0.5798448240662715
bakerlu01,Baker,Luken,SLN,0.5156815995116227
leahyky01,Leahy,Kyle,SLN,0.313286721568378
armstsh01,Armstrong,Shawn,SLN,0.2801705165725915
liberma01,Liberatore,Matthew,SLN,0.2179998230454897
loutory01,Loutos,Ryan,SLN,0.1252945688423195
walkejo02,Walker,Jordan,SLN,0.0830135954384365
roberni01,Robertson,Nick,SLN,0.0622712924522602
kloffad01,Kloffenstein,Adam,SLN,0.053697672360994
gracego01,Graceffo,Gordon,SLN,0.0116821547676212
gibsoky01,Gibson,Kyle,SLN,0.0107050772486598
carlsdy01,Carlson,Dylan,SLN,-0.0105051561530122
roycrch01,Roycroft,Chris,SLN,-0.0563799156058703
lynnla01,Lynn,Lance,SLN,-0.0994731096433626
gallegi01,Gallegos,Giovanny,SLN,-0.3902481045394559
matzst01,Matz,Steven,SLN,-0.4194031919959296
saggeth01,Saggese,Thomas,SLN,-0.4635623841917474
obrieri01,O'Brien,Riley,SLN,-0.5704186211120474
thompza02,Thompson,Zack,SLN,-0.8871395698631007
crawfbr01,Crawford,Brandon,SLN,-1.1847636998894655
mikolmi01,Mikolas,Miles,SLN,-1.3818995780293517
fermijo01,Fermín,José,SLN,-2.107689539620382
sianimi01,Siani,Michael,SLN,-2.2039373593075084
scottvi01,Scott,Victor,SLN,-2.6374814990818125
diazya01,Diaz,Yandy,TBA,13.011722110633707
paredis01,Paredes,Isaac,TBA,11.34822164767226
lowebr01,Lowe,Brandon,TBA,10.694826489270568
arozara01,Arozarena,Randy,TBA,5.925219881637835
rosaram01,Rosario,Amed,TBA,5.445917140116249
lowejo01,Lowe,Josh,TBA,4.510885644382395
morelch01,Morel,Christopher,TBA,3.728209331873397
caminju01,Caminero,Junior,TBA,2.87069030472937
arandjo01,Aranda,Jonathan,TBA,2.61317378786045
palacri01,Palacios,Richie,TBA,2.299186905951342
litteza01,Littell,Zack,TBA,1.594736112435407
bazsh01,Baz,Shane,TBA,1.4600153406388623
ucetaed01,Uceta,Edwin,TBA,1.4374030150414194
eflinza01,Eflin,Zach,TBA,1.3712712039750052
kellyke02,Kelly,Kevin,TBA,1.294635513510248
pepiory01,Pepiot,Ryan,TBA,1.180697406929229
adamja01,Adam,Jason,TBA,1.1319379296265086
cabaljo01,Caballero,José,TBA,1.059738117664878
shentau01,Shenton,Austin,TBA,0.9690628566445124
civalaa01,Civale,Aaron,TBA,0.8736277547135612
pintore02,Pinto,Rene,TBA,0.7537289138073037
matonph01,Maton,Phil,TBA,0.7393332743484967
rodrima01,Rodriguez,Manuel,TBA,0.7226123255974432
sulseco01,Sulser,Cole,TBA,0.6264728442115974
bradlta01,Bradley,Taj,TBA,0.6102787858171813
sprinje01,Springs,Jeffrey,TBA,0.5720231879128043
rasmudr01,Rasmussen,Drew,TBA,0.5393332743484966
fairbpe01,Fairbanks,Pete,TBA,0.4342944803650647
pocheco01,Poche,Colin,TBA,0.404713101477112
biggehu01,Bigge,Hunter,TBA,0.3517674130539169
kuhnejo01,Kuhnel,Joel,TBA,0.3295813788879526
cleavga01,Cleavinger,Garrett,TBA,0.3218603416596444
montgma01,Montgomery,Mason,TBA,0.3190774994896093
sirijo01,Siri,Jose,TBA,0.3078666531440001
armstsh01,Armstrong,Shawn,TBA,0.2801705165725915
ramirha02,Ramirez,Harold,TBA,0.2545459884217394
rortvbe01,Rortvedt,Ben,TBA,0.2518171424380717
lovelri01,Lovelady,Richard,TBA,0.2393332743484966
zuberty01,Zuber,Tyler,TBA,0.0789922412033135
sternju01,Sterner,Justin,TBA,0.0147906894439762
carlsdy01,Carlson,Dylan,TBA,-0.0105051561530122
ramirer02,Ramirez,Erasmo,TBA,-0.0902481045394558
lopezja04,Lopez,Jacob,TBA,-0.1451240522697279
wagueja01,Waguespack,Jacob,TBA,-0.1630232763900592
alexaty01,Alexander,Tyler,TBA,-0.3185506091329712
delucjo01,DeLuca,Jonny,TBA,-0.3483240242421219
goodrni01,Goodrum,Niko,TBA,-0.4915364858837228
brantro01,Brantly,Rob,TBA,-0.5309972572325592
meadcu01,Mead,Curtis,TBA,-0.9083316621955916
drisclo01,Driscoll,Logan,TBA,-0.9391792003687748
devench02,Devenski,Chris,TBA,-1.0680620703734915
misneka01,Misner,Kameron,TBA,-1.0849954287209318
wallsta01,Walls,Taylor,TBA,-3.2546204502180784
jacksal02,Jackson,Alex,TBA,-4.085113739664397
seageco01,Seager,Corey,TEX,19.88723260822149
lowena01,Lowe,Nathaniel,TEX,12.436468481141192
langfwy01,Langford,Wyatt,TEX,10.379521116234878
smithjo09,Smith,Josh,TEX,10.232021741183178
semiema01,Semien,Marcus,TEX,8.940731632404217
garciad02,Garcia,Adolis,TEX,6.553860793651094
kellyca02,Kelly,Carson,TEX,3.0642164270270005
jungjo01,Jung,Josh,TEX,2.923413098607767
yateski01,Yates,Kirby,TEX,2.3113564622613008
taverle01,Taveras,Leody,TEX,2.01220196618599
eovalna01,Eovaldi,Nathan,TEX,1.7644027496096542
grossro01,Grossman,Robbie,TEX,1.5082276559268968
roberda08,Robertson,David,TEX,1.3662324099915728
lorenmi01,Lorenzen,Michael,TEX,1.159263356701064
hillde01,Hill,Derek,TEX,0.9345485975581348
bradfco01,Bradford,Cody,TEX,0.8989223235558803
harridu01,Harris,Dustin,TEX,0.8536687999302318
tinocje01,Tinoco,Jesus,TEX,0.8319379296265087
urenajo01,Urena,Jose,TEX,0.7530462873483537
carteev01,Carter,Evan,TEX,0.4170493698139342
chafian01,Chafin,Andrew,TEX,0.3868138773567804
degroja01,deGrom,Jacob,TEX,0.3727751718506034
latzja01,Latz,Jake,TEX,0.3447983597634076
scherma01,Scherzer,Max,TEX,0.3268991356430766
burkebr01,Burke,Brock,TEX,0.2918526713402126
leclejo01,Leclerc,Jose,TEX,0.2798448240662712
duffyma01,Duffy,Matt,TEX,0.255241142757474
penniwa01,Pennington,Walter,TEX,0.2307596542572304
walshja01,Walsh,Jared,TEX,0.1968107379464605
heanean01,Heaney,Andrew,TEX,0.1916275777590517
grayjo02,Gray,Jon,TEX,0.1129610290620584
roberda11,Robert,Daniel,TEX,0.104286810045633
sborzjo01,Sborz,Josh,TEX,0.0770619818962363
churcma01,Church,Marc,TEX,0.053697672360994
rockeku01,Rocker,Kumar,TEX,0.0264728442115974
mahlety01,Mahle,Tyler,TEX,-0.0198294834274084
andersh01,Anderson,Shaun,TEX,-0.0210077587966864
festama01,Festa,Matt,TEX,-0.0828527598174676
garabge01,Garabito,Gerson,TEX,-0.085961294493823
hernajo02,Hernandez,Jonathan,TEX,-0.1747054311576805
huffsa01,Huff,Sam,TEX,-0.2193321143255818
duranez01,Duran,Ezequiel,TEX,-0.2966295636081556
anderch01,Anderson,Chase,TEX,-0.3599147417137042
pruitau01,Pruitt,Austin,TEX,-0.3673100864356923
rodriye01,Rodriguez,Yerry,TEX,-0.3871395698631009
fabiasa01,Fabian,Sandro,TEX,-0.4616651429069772
orneljo01,Ornelas,Jonathan,TEX,-0.5199070335933418
winnco01,Winn,Cole,TEX,-0.5692403457427696
whiteow01,White,Owen,TEX,-0.6389069829170178
dunnida01,Dunning,Dane,TEX,-0.8987211257055634
andergr01,Anderson,Grant,TEX,-0.9680620703734912
heimjo01,Heim,Jonah,TEX,-0.9750595171253018
wendzda01,Wendzel,Davis,TEX,-1.6041056345309308
leiteja01,Leiter,Jack,TEX,-1.984783019124545
kniznan01,Knizner,Andrew,TEX,-2.930878640986796
foscuju01,Foscue,Justin,TEX,-2.9912246861528287
jankotr01,Jankowski,Travis,TEX,-3.3455684952962264
guerrvl02,Guerrero,Vladimir,TOR,33.90142778006607
horwisp01,Horwitz,Spencer,TOR,9.962884403171262
varshda01,Varsho,Daulton,TOR,6.514378255214417
kineris01,Kiner-Falefa,Isiah,TOR,5.962548807654361
turneju01,Turner,Justin,TOR,5.554842792534844
springe01,Springer,George,TOR,5.380403938320183
clemeer01,Clement,Ernie,TOR,5.132636654051012
kirkal01,Kirk,Alejandro,TOR,3.5853333205225355
lukesna01,Lukes,Nathan,TOR,2.7047288773084377
berrijo01,Berrios,Jose,TOR,2.427852317431193
wagnewi01,Wagner,Will,TOR,2.2300912493170637
jimenle01,Jimenez,Leo,TOR,2.222633830309189
janseda01,Jansen,Danny,TOR,1.9071603925327445
francbo01,Francis,Bowden,TOR,1.4666587014230523
clasejo01,Clase,Jonatan,TOR,1.2738403426279048
gausmke01,Gausman,Kevin,TOR,1.1192786973399265
kikucyu01,Kikuchi,Yusei,TOR,1.0218603416596443
yarbrry01,Yarbrough,Ryan,TOR,0.9825270673111474
greench03,Green,Chad,TOR,0.863875859253017
loperjo01,Loperfido,Joey,TOR,0.7385450899389951
garciyi01,Garcia,Yimi,TOR,0.710930170829822
pearsna01,Pearson,Nate,TOR,0.6140387055061771
schneda03,Schneider,Davis,TOR,0.6097722784545259
littlbr02,Little,Brendon,TOR,0.3521937044853958
cabrege01,Cabrera,Genesis,TOR,0.2650541346222951
biggica01,Biggio,Cavan,TOR,0.2434733924991944
parsowe01,Parsons,Wes,TOR,0.2147906894439763
burrry01,Burr,Ryan,TOR,0.1541239637924727
richatr01,Richards,Trevor,TOR,0.0980697406929228
bassich01,Bassitt,Chris,TOR,0.0823019737299854
degeubr01,de Geus,Brett,TOR,0.0789922412033135
roberni01,Robertson,Nick,TOR,0.0622712924522602
eiserbr01,Eisert,Brandon,TOR,0.0579844824066271
rodriya01,Rodríguez,Yariel,TOR,0.0537982712861528
martior01,Martinez,Orelvis,TOR,0.0230009142558136
nanceto01,Nance,Tommy,TOR,-0.0186512080581304
lucasea01,Lucas,Easton,TOR,-0.0210077587966864
tatedi01,Tate,Dillon,TOR,-0.0210077587966864
mayzati01,Mayza,Tim,TOR,-0.0334418975021067
whitemi03,White,Mitch,TOR,-0.0630232763900593
heinety01,Heineman,Tyler,TOR,-0.0733014133831923
swanser01,Swanson,Erik,TOR,-0.0878915538008999
cuasjo01,Cuas,Jose,TOR,-0.1389069829170178
romanjo03,Romano,Jordan,TOR,-0.2661318110664144
manoaal01,Manoah,Alek,TOR,-0.2933566392158111
espinpa01,Espino,Paolo,TOR,-0.3346201728713848
rodriye01,Rodriguez,Yerry,TOR,-0.3871395698631009
vogelda01,Vogelbach,Dan,TOR,-0.4393092579302413
berrost01,Berroa,Steward,TOR,-0.4455268267033365
friaslu01,Frias,Luis,TOR,-0.4599147417137041
kiermke01,Kiermaier,Kevin,TOR,-0.4797325178092299
bargead01,Barger,Addison,TOR,-0.4902907099248909
deloslu03,De Los Santos,Luis,TOR,-0.6899100929198109
bichebo01,Bichette,Bo,TOR,-0.8681098219983898
popza01,Pop,Zach,TOR,-1.0046125025519532
servebr01,Serven,Brian,TOR,-1.5799786673643483
abramcj01,Abrams,CJ,WAS,11.850640950122918
garcilu04,Garcia,Luis,WAS,11.6129609090232
winkeje01,Winker,Jesse,WAS,10.037591081956776
roblevi01,Robles,Victor,WAS,9.432857069428533
woodja03,Wood,James,WAS,8.352882057668076
thomala02,Thomas,Lane,WAS,6.265437253744149
callal01,Call,Alex,WAS,5.669398073332618
yepezju01,Yepez,Juan,WAS,5.517780593229853
youngja03,Young,Jacob,WAS,2.461386802222957
willitr01,Williams,Trevor,WAS,1.8798448240662715
lawde01,Law,Derek,WAS,1.7327905124894665
senzeni01,Senzel,Nick,WAS,1.6528091760311328
chapaan01,Chaparro,Andrés,WAS,1.5438584090739802
florody01,Floro,Dylan,WAS,1.4101781868920231
garrest01,Garrett,Stone,WAS,1.306001828511627
tenajo01,Tena,José,WAS,1.288593503733947
bakerda02,Baker,Darren,WAS,1.1073375998604638
ferrejo01,Ferrer,Jose,WAS,0.5183255155518103
crewsdy01,Crews,Dylan,WAS,0.5002755213734478
salazed01,Salazar,Eduardo,WAS,0.4677363778671711
irvinja01,Irvin,Jake,WAS,0.377263179746554
finneky01,Finnegan,Kyle,WAS,0.318751806983289
ruizke01,Ruiz,Keibert,WAS,0.2704419223369306
herzdj01,Herz,DJ,WAS,0.2611936160081414
ramirha02,Ramirez,Harold,WAS,0.2545459884217394
adamsri03,Adams,Riley,WAS,0.2527407671772117
nunezna01,Nuñez,Nasim,WAS,0.1818200610991152
rutleja01,Rutledge,Jackson,WAS,0.1474806030082839
milladr01,Millas,Drew,WAS,0.06219433321664
lasorjo01,La Sorsa,Joe,WAS,0.0486588783775619
harvehu01,Harvey,Hunter,WAS,0.0163952562447332
barneja01,Barnes,Jacob,WAS,-0.0559536241743914
raineta01,Rainey,Tanner,WAS,-0.0614187095893026
gallojo01,Gallo,Joey,WAS,-0.0899955029116981
parkemi01,Parker,Mitchell,WAS,-0.091651473489895
william01,Willingham,Amos,WAS,-0.1463023276390059
vargail01,Vargas,Ildemaro,WAS,-0.17475893723974
garciro04,Garcia,Robert,WAS,-0.1960388824606873
adonjo01,Adon,Joan,WAS,-0.2272248281493965
ribalor01,Ribalta,Orlando,WAS,-0.3210077587966864
gorema01,Gore,MacKenzie,WAS,-0.3682871639546533
barnema01,Barnes,Matt,WAS,-0.3840310351867457
brzykza01,Brzykcy,Zach,WAS,-0.595713189954367
grayjo03,Gray,Josiah,WAS,-0.8525193969917162
menesjo01,Meneses,Joey,WAS,-1.048280650603111
weemsjo01,Weems,Jordan,WAS,-1.2625969849585803
blanktr01,Blankenhorn,Travis,WAS,-1.430463366217558
rosared01,Rosario,Eddie,WAS,-1.902102910717361
corbipa01,Corbin,Patrick,WAS,-2.020806560946369
lipsctr01,Lipscomb,Trey,WAS,-3.6376029735116497
